Item Title,Publication Title,Book Series Title,Journal Volume,Journal Issue,Item DOI,Authors,Publication Year,URL,Content Type
"Abstracts from the 2022 Annual Meeting of the Society of General Internal Medicine","Journal of General Internal Medicine","","37","2","10.1007/s11606-022-07653-8","","2022","http://link.springer.com/article/10.1007/s11606-022-07653-8","Article"
"Social media effectiveness as a humanitarian response to mitigate influenza epidemic and COVID-19 pandemic","Annals of Operations Research","","319","1","10.1007/s10479-021-03955-y","Sameer KumarChong XuNidhi GhildayalCharu ChandraMuer Yang","2022","http://link.springer.com/article/10.1007/s10479-021-03955-y","Article"
"COVID-19 risk perception framework of the public: an infodemic tool for future pandemics and epidemics","BMC Public Health","","22","1","10.1186/s12889-022-14563-1","Anna-Leena LohinivaAnnika PensolaSuvi HyökkiJonas SiveläTuukka Tammi","2022","http://link.springer.com/article/10.1186/s12889-022-14563-1","Article"
"RSSDI Clinical Practice Recommendations for the Management of Type 2 Diabetes Mellitus 2022","International Journal of Diabetes in Developing Countries","","42","1","10.1007/s13410-022-01129-5","","2022","http://link.springer.com/article/10.1007/s13410-022-01129-5","Article"
"Tracking discussions of complementary, alternative, and integrative medicine in the context of the COVID-19 pandemic: a month-by-month sentiment analysis of Twitter data","BMC Complementary Medicine and Therapies","","22","1","10.1186/s12906-022-03586-1","Jeremy Y. NgWael AbdelkaderCynthia Lokker","2022","http://link.springer.com/article/10.1186/s12906-022-03586-1","Article"
"21st ISoP Annual Meeting “A New Era of Pharmacovigilance: Challenges and Opportunities” 20–23 September 2022 Verona, Italy","Drug Safety","","45","10","10.1007/s40264-022-01219-7","","2022","http://link.springer.com/article/10.1007/s40264-022-01219-7","Article"
"ECR 2022 Book of Abstracts","Insights into Imaging","","13","4","10.1186/s13244-022-01337-x","","2022","http://link.springer.com/article/10.1186/s13244-022-01337-x","Article"
"Machine learning applications for COVID-19 outbreak management","Neural Computing and Applications","","34","18","10.1007/s00521-022-07424-w","Arash HeidariNima Jafari NavimipourMehmet UnalShiva Toumaj","2022","http://link.springer.com/article/10.1007/s00521-022-07424-w","Article"
"Effectiveness of early warning systems in the detection of infectious diseases outbreaks: a systematic review","BMC Public Health","","22","1","10.1186/s12889-022-14625-4","Rehab MeckawyDavid StucklerAdityavarman MehtaTareq Al-AhdalBradley N. Doebbeling","2022","http://link.springer.com/article/10.1186/s12889-022-14625-4","Article"
"Detection of dangerous events on social media: a critical review","Social Network Analysis and Mining","","12","1","10.1007/s13278-022-00980-y","M. Luqman JamilSebastião PaisJoão Cordeiro","2022","http://link.springer.com/article/10.1007/s13278-022-00980-y","Article"
"Twitter-aided decision making: a review of recent developments","Applied Intelligence","","52","12","10.1007/s10489-022-03241-9","Yihong ZhangMasumi ShirakawaYuanyuan WangZhi LiTakahiro Hara","2022","http://link.springer.com/article/10.1007/s10489-022-03241-9","Article"
"Tracking public opinion about online education over COVID-19 in China","Educational technology research and development","","70","3","10.1007/s11423-022-10080-5","Mingming ZhouHao Mou","2022","http://link.springer.com/article/10.1007/s11423-022-10080-5","Article"
"World Congress on Osteoporosis, Osteoarthritis and Musculoskeletal Diseases (WCO-IOF-ESCEO 2022)","Aging Clinical and Experimental Research","","34","1","10.1007/s40520-022-02147-3","","2022","http://link.springer.com/article/10.1007/s40520-022-02147-3","Article"
"Sex-disaggregated data matters: tracking the impact of COVID-19 on the health of women and men","Economia Politica","","39","1","10.1007/s40888-021-00254-4","Sarah HawkesAthena PantazisAnna PurdieAbhishek GautamSylvia Kiwuwa-MuyingoKent BuseSonja TanakaKakoli BorkotokySneha SharmaRavi Verma","2022","http://link.springer.com/article/10.1007/s40888-021-00254-4","Article"
"On the development of an information system for monitoring user opinion and its role for the public","Journal of Big Data","","9","1","10.1186/s40537-022-00660-w","Vladislav KaryukinGalimkair MutanovZhanl MamykovaGulnar NassimovaSaule TorekulZhanerke SundetovaMatteo Negri","2022","http://link.springer.com/article/10.1186/s40537-022-00660-w","Article"
"A framework for information technology-based management against COVID-19 in Iran","BMC Public Health","","22","1","10.1186/s12889-022-12781-1","Afsoon AsadzadehZeinab MohammadzadehZahra FathifarSoheila Jahangiri-MirshekarlouPeyman Rezaei-Hachesu","2022","http://link.springer.com/article/10.1186/s12889-022-12781-1","Article"
"Spontaneously generated online patient experience data - how and why is it being used in health research: an umbrella scoping review","BMC Medical Research Methodology","","22","1","10.1186/s12874-022-01610-z","Julia WalshChristine DwumfourJonathan CaveFrances Griffiths","2022","http://link.springer.com/article/10.1186/s12874-022-01610-z","Article"
"In.To. COVID-19 socio-epidemiological co-causality","Scientific Reports","","12","1","10.1038/s41598-022-09656-1","Elroy GalbraithJie LiVictor J. Del Rio-VilasMatteo Convertino","2022","http://link.springer.com/article/10.1038/s41598-022-09656-1","Article"
"Surveillance of emerging infectious diseases for biosecurity","Science China Life Sciences","","65","8","10.1007/s11427-021-2071-x","Rongzhang HaoYuqi LiuWanzhu ShenRongtao ZhaoBo JiangHongbin SongMuyang YanHui Ma","2022","http://link.springer.com/article/10.1007/s11427-021-2071-x","Article"
"Heterogeneous Information Fusion based Topic Detection from Social Media Data","Information Systems Frontiers","","","","10.1007/s10796-022-10334-w","Seema RaniMukesh Kumar","2022","http://link.springer.com/article/10.1007/s10796-022-10334-w","Article"
"User Privacy, Surveillance and Public Health during COVID-19 – An Examination of Twitterverse","Information Systems Frontiers","","","","10.1007/s10796-022-10247-8","Paras BhattNaga VempralaRohit ValechaGovind HariharanH. Raghav Rao","2022","http://link.springer.com/article/10.1007/s10796-022-10247-8","Article"
"Abstracts of the 52nd Annual Conference of the Italian Society of Neurology","Neurological Sciences","","43","1","10.1007/s10072-022-06531-9","","2022","http://link.springer.com/article/10.1007/s10072-022-06531-9","Article"
"Big social data as a service (BSDaaS): a service composition framework for social media analysis","Journal of Big Data","","9","1","10.1186/s40537-022-00620-4","Kashif AliMargaret HamiltonCharles ThevathayanXiuzhen Zhang","2022","http://link.springer.com/article/10.1186/s40537-022-00620-4","Article"
"Proceedings of the 14th Annual Conference on the Science of Dissemination and Implementation in Health","Implementation Science","","17","1","10.1186/s13012-022-01210-x","","2022","http://link.springer.com/article/10.1186/s13012-022-01210-x","Article"
"COVID-19 vaccine hesitancy: a social media analysis using deep learning","Annals of Operations Research","","","","10.1007/s10479-022-04792-3","Serge NyawaDieudonné TchuenteSamuel Fosso-Wamba","2022","http://link.springer.com/article/10.1007/s10479-022-04792-3","Article"
"Conclusions of the African Regional GIS Summit (2019): using geographic information systems for public health decision-making","BMC Proceedings","","16","1","10.1186/s12919-022-00233-y","Godwin Ubong AkpanHani Farouk MohammedKebba TourayJohn KiptererIsah Mohammed BelloReuben NgofaAndrew SteinVince SeamanPascal MkandaJoseph Cabore","2022","http://link.springer.com/article/10.1186/s12919-022-00233-y","Article"
"Fusion of AI techniques to tackle COVID-19 pandemic: models, incidence rates, and future trends","Multimedia Systems","","28","4","10.1007/s00530-021-00818-1","Het ShahSaiyam ShahSudeep TanwarRajesh GuptaNeeraj Kumar","2022","http://link.springer.com/article/10.1007/s00530-021-00818-1","Article"
"A Theory-based Deep-Learning Approach to Detecting Disinformation in Financial Social Media","Information Systems Frontiers","","","","10.1007/s10796-022-10327-9","Wingyan ChungYinqiang ZhangJia Pan","2022","http://link.springer.com/article/10.1007/s10796-022-10327-9","Article"
"Abstracts of the 18th Congress of the European Geriatric Medicine Society","European Geriatric Medicine","","13","1","10.1007/s41999-022-00711-8","","2022","http://link.springer.com/article/10.1007/s41999-022-00711-8","Article"
"Using artificial intelligence technology to fight COVID-19: a review","Artificial Intelligence Review","","55","6","10.1007/s10462-021-10106-z","Yong PengEnbin LiuShanbi PengQikun ChenDangjian LiDianpeng Lian","2022","http://link.springer.com/article/10.1007/s10462-021-10106-z","Article"
"E-ware: a big data system for the incremental discovery of spatio-temporal events from microblogs","Journal of Ambient Intelligence and Humanized Computing","","","","10.1007/s12652-022-04104-4","Imad AfyouniAamir KhanZaher Al Aghbari","2022","http://link.springer.com/article/10.1007/s12652-022-04104-4","Article"
"A framework for monitoring movements of pandemic disease patients based on GPS trajectory datasets","Wireless Networks","","28","1","10.1007/s11276-021-02819-4","Paulinus O. UgwokeFrancis S. BakpoCollins N. UdanorMatthew C. Okoronkwo","2022","http://link.springer.com/article/10.1007/s11276-021-02819-4","Article"
"A Survey on Social Media Influence Environment and Influencers Identification","Social Network Analysis and Mining","","12","1","10.1007/s13278-022-00972-y","Feriel GammoudiMondher SendiMohamed Nazih Omri","2022","http://link.springer.com/article/10.1007/s13278-022-00972-y","Article"
"A hybrid approach for the detection and monitoring of people having personality disorders on social networks","Social Network Analysis and Mining","","12","1","10.1007/s13278-022-00884-x","Mourad EllouzeLamia Hadrich Belguith","2022","http://link.springer.com/article/10.1007/s13278-022-00884-x","Article"
"Leveraging big data analytics in healthcare enhancement: trends, challenges and opportunities","Multimedia Systems","","28","4","10.1007/s00530-020-00736-8","Arshia RehmanSaeeda NazImran Razzak","2022","http://link.springer.com/article/10.1007/s00530-020-00736-8","Article"
"“I’d feel like someone was watchin’ me… watching for a good reason”: perceptions of data privacy, access, and sharing in the context of real-time PrEP adherence monitoring among HIV-negative MSM with substance use","AIDS and Behavior","","26","9","10.1007/s10461-022-03614-8","Georgia R. GoodmanAnna KikutMaria J. BustamanteLizette MendezYassir MohamedCarmel ShacharI. Glenn CohenSara GerkeEdward W. BoyerRochelle K. RosenKenneth H. MayerConall O’CleirighPeter R. Chai MD, MMS","2022","http://link.springer.com/article/10.1007/s10461-022-03614-8","Article"
"Opinion analysis and aspect understanding during covid-19 pandemic using BERT-Bi-LSTM ensemble method","Scientific Reports","","12","1","10.1038/s41598-022-21604-7","Mayur WankhadeAnnavarapu Chandra Sekhara Rao","2022","http://link.springer.com/article/10.1038/s41598-022-21604-7","Article"
"Data analytics during pandemics: a transportation and location planning perspective","Annals of Operations Research","","","","10.1007/s10479-022-04884-0","Elif BozkayaLevent EriskinMumtaz Karatas","2022","http://link.springer.com/article/10.1007/s10479-022-04884-0","Article"
"Proceedings of the 28th European Paediatric Rheumatology Congress (PReS 2022)","Pediatric Rheumatology","","20","2","10.1186/s12969-022-00729-z","","2022","http://link.springer.com/article/10.1186/s12969-022-00729-z","Article"
"Deep-Eware: spatio-temporal social event detection using a hybrid learning model","Journal of Big Data","","9","1","10.1186/s40537-022-00636-w","Imad AfyouniAamir KhanZaher Al Aghbari","2022","http://link.springer.com/article/10.1186/s40537-022-00636-w","Article"
"ESICM LIVES 2022: part 1","Intensive Care Medicine Experimental","","10","2","10.1186/s40635-022-00468-1","","2022","http://link.springer.com/article/10.1186/s40635-022-00468-1","Article"
"COVID-19, Personal Data Protection and Privacy in India","Asian Bioethics Review","","","","10.1007/s41649-022-00227-0","Mohamad Ayub DarShahnawaz Ahmad Wani","2022","http://link.springer.com/article/10.1007/s41649-022-00227-0","Article"
"Emerging technologies and their roles during the COVID-19 pandemic and safety challenges of frontline medical staff: a rapid review","Research on Biomedical Engineering","","38","1","10.1007/s42600-021-00167-y","Muhammad HasnainMuhammad Fermi PashaImran GhaniSeung Ryul Jeong","2022","http://link.springer.com/article/10.1007/s42600-021-00167-y","Article"
"Borderline microscopic organism and lockdown impacted across the borders—global shakers","Environmental Science and Pollution Research","","29","6","10.1007/s11356-021-17641-w","Shariq SulemanAsim FarooquiPradakshina SharmaNitesh MalhotraNeelam YadavJagriti NarangMd Saquib HasnainAmit Kumar Nayak","2022","http://link.springer.com/article/10.1007/s11356-021-17641-w","Article"
"Learnings from COVID-19 for managing humanitarian supply chains: systematic literature review and future research directions","Annals of Operations Research","","","","10.1007/s10479-022-04753-w","Pravin KumarRajesh Kumar SinghAzar Shahgholian","2022","http://link.springer.com/article/10.1007/s10479-022-04753-w","Article"
"Identifying transferable lessons from cholera epidemic responses by Médecins Sans Frontières in Mozambique, Malawi and the Democratic Republic of Congo, 2015–2018: a scoping review","Conflict and Health","","16","1","10.1186/s13031-022-00445-1","Lauren D’Mello-GuyettOliver CummingElliot RogersRob D’hondtEstifanos MengitsuMaria MashakoRafael Van den BerghPlacide Okitayemba WeloPeter MaesFrancesco Checchi","2022","http://link.springer.com/article/10.1186/s13031-022-00445-1","Article"
"How better pandemic and epidemic intelligence will prepare the world for future threats","Nature Medicine","","28","8","10.1038/s41591-022-01900-5","Oliver W. MorganPhilip AbdelmalikEnrique Perez-GutierrezIbrahima Socé FallMasaya KatoEsther HamblionTamano MatsuiPierre NabethRichard PebodyJukka PukkilaMary StephanChikwe Ihekweazu","2022","http://link.springer.com/article/10.1038/s41591-022-01900-5","Article"
"PEPFAR’s Role in Protecting and Leveraging HIV Services in the COVID-19 Response in Africa","Current HIV/AIDS Reports","","19","1","10.1007/s11904-021-00587-6","Carol W. HoltzmanCatherine GodfreyLawal IsmailElliot RaizesJulie A. AkeFana TeferaSalome OkutoyiGeorge K. Siberry","2022","http://link.springer.com/article/10.1007/s11904-021-00587-6","Article"
"Knowledge gaps and national research priorities for COVID-19 in Iran","Health Research Policy and Systems","","20","1","10.1186/s12961-021-00805-y","Bahareh YazdizadehElham Ehsani-ChimehKazem ZendehdelMohammadreza MobinizadehBita MesgarpourZeinab Fakoorfard","2022","http://link.springer.com/article/10.1186/s12961-021-00805-y","Article"
"Concerns among people who use opioids during the COVID-19 pandemic: a natural language processing analysis of social media posts","Substance Abuse Treatment, Prevention, and Policy","","17","1","10.1186/s13011-022-00442-w","Abeed SarkerNisha NatarajWesley SiuSabrina LiChristopher M. JonesSteven A. Sumner","2022","http://link.springer.com/article/10.1186/s13011-022-00442-w","Article"
"Review on people’s trust on home use medical devices during Covid-19 pandemic in India","Health and Technology","","12","2","10.1007/s12553-022-00645-y","Garima SainiVikas BudhwarManjusha Choudhary","2022","http://link.springer.com/article/10.1007/s12553-022-00645-y","Article"
"2022 Scientific Session of the Society of American Gastrointestinal and Endoscopic Surgeons (SAGES), Denver, Colorado, 16–19 March 2022: Posters","Surgical Endoscopy","","36","1","10.1007/s00464-022-09220-y","","2022","http://link.springer.com/article/10.1007/s00464-022-09220-y","Article"
"Progress of IoT Research Technologies and Applications Serving Hajj and Umrah","Arabian Journal for Science and Engineering","","47","2","10.1007/s13369-021-05838-7","Mohd Khaled ShambourAdnan Gutub","2022","http://link.springer.com/article/10.1007/s13369-021-05838-7","Article"
"Using the multiphase optimization strategy (MOST) framework to optimize an intervention to increase COVID-19 testing for Black and Latino/Hispanic frontline essential workers: A study protocol","BMC Public Health","","22","1","10.1186/s12889-022-13576-0","Marya GwadzCharles M. ClelandMaria LizardoRobert L. HawkinsGreg BangserLalitha ParameswaranVictoria StanhopeJennifer A. RobinsonShristi KarimTierra HollawayPaola G. RamirezPrema L. FilipponeAmanda S. RitchieAngela BanfieldElizabeth Silverman","2022","http://link.springer.com/article/10.1186/s12889-022-13576-0","Article"
"50th ESCP Symposium on Clinical Pharmacy, Polypharmacy and ageing - highly individualized, interprofessional, person-centered care","International Journal of Clinical Pharmacy","","44","6","10.1007/s11096-022-01521-5","","2022","http://link.springer.com/article/10.1007/s11096-022-01521-5","Article"
"Understanding internal migration in the UK before and during the COVID-19 pandemic using twitter data","Urban Informatics","","1","1","10.1007/s44212-022-00018-w","Yikang WangChen ZhongQili GaoCarmen Cabrera-Arnau","2022","http://link.springer.com/article/10.1007/s44212-022-00018-w","Article"
"How does “A Bit of Everything American” state feel about COVID-19? A quantitative Twitter analysis of the pandemic in Ohio","Journal of Computational Social Science","","5","1","10.1007/s42001-021-00111-1","Cantay Caliskan","2022","http://link.springer.com/article/10.1007/s42001-021-00111-1","Article"
"Abstracts of the ICARE 2022 76th SIAARTI National Congress","Journal of Anesthesia, Analgesia and Critical Care","","2","1","10.1186/s44158-022-00070-7","","2022","http://link.springer.com/article/10.1186/s44158-022-00070-7","Article"
"COVID-19 and digital epidemiology","Journal of Public Health","","30","1","10.1007/s10389-020-01295-y","Ehsan allah KaltehAbdolhalim Rajabi","2022","http://link.springer.com/article/10.1007/s10389-020-01295-y","Article"
"25th IFSO World Congress Silver Anniversary","Obesity Surgery","","32","2","10.1007/s11695-022-06204-8","Ashley Ferrell","2022","http://link.springer.com/article/10.1007/s11695-022-06204-8","Article"
"WHO competency framework for health authorities and institutions to manage infodemics: its development and features","Human Resources for Health","","20","1","10.1186/s12960-022-00733-0","Sara RubinelliTina D. PurnatElisabeth WilhelmDenise TraicoffApophia Namageyo-FunaAngus ThomsonClaire WardleJaya LamichhaneSylvie BriandTim Nguyen","2022","http://link.springer.com/article/10.1186/s12960-022-00733-0","Article"
"SRI 2022: Scientific Abstracts","Reproductive Sciences","","29","1","10.1007/s43032-022-00883-5","","2022","http://link.springer.com/article/10.1007/s43032-022-00883-5","Article"
"15th Congress of the European Association for Clinical Pharmacology and Therapeutics (EACPT)","European Journal of Clinical Pharmacology","","78","1","10.1007/s00228-022-03333-y","","2022","http://link.springer.com/article/10.1007/s00228-022-03333-y","Article"
"Analysis of mHealth research: mapping the relationship between mobile apps technology and healthcare during COVID-19 outbreak","Globalization and Health","","18","1","10.1186/s12992-022-00856-y","Dina M. El-SherifMohamed Abouzid","2022","http://link.springer.com/article/10.1186/s12992-022-00856-y","Article"
"Infectious diseases prevention and control using an integrated health big data system in China","BMC Infectious Diseases","","22","1","10.1186/s12879-022-07316-3","Xudong ZhouEdmund Wei Jian LeeXiaomin WangLeesa LinZiming XuanDan WuHongbo LinPeng Shen","2022","http://link.springer.com/article/10.1186/s12879-022-07316-3","Article"
"#workfromhome: how multi-level marketers enact and subvert federal language policy for profit","Language Policy","","21","1","10.1007/s10993-021-09589-x","Sabrina FluegelKendall King","2022","http://link.springer.com/article/10.1007/s10993-021-09589-x","Article"
"COVID-19, artificial intelligence, ethical challenges and policy implications","AI & SOCIETY","","","","10.1007/s00146-022-01471-6","Muhammad AnshariMahani HamdanNorainie AhmadEmil AliHamizah Haidi","2022","http://link.springer.com/article/10.1007/s00146-022-01471-6","Article"
"AUGS/IUGA Scientific Meeting 2022","International Urogynecology Journal","","33","2","10.1007/s00192-022-05295-2","","2022","http://link.springer.com/article/10.1007/s00192-022-05295-2","Article"
"Adapting recurrent neural networks for classifying public discourse on COVID-19 symptoms in Twitter content","Soft Computing","","26","20","10.1007/s00500-022-07405-0","Samina AminAbdullah AlharbiM. Irfan UddinHashem Alyami","2022","http://link.springer.com/article/10.1007/s00500-022-07405-0","Article"
"New approach in SARS-CoV-2 surveillance using biosensor technology: a review","Environmental Science and Pollution Research","","29","2","10.1007/s11356-021-17096-z","Dina M. El-SherifMohamed AbouzidMohamed S. GaballahAlhassan Ali AhmedMuhammad AdeelSheta M. Sheta","2022","http://link.springer.com/article/10.1007/s11356-021-17096-z","Article"
"Real-world data for precision public health of noncommunicable diseases: a scoping review","BMC Public Health","","22","1","10.1186/s12889-022-14452-7","Oliver J. CanfellZack KodiyattuElizabeth EakinAndrew Burton-JonesIdes WongCaroline MacaulayClair Sullivan","2022","http://link.springer.com/article/10.1186/s12889-022-14452-7","Article"
"Delivering vaping cessation interventions to adolescents and young adults on Instagram: protocol for a randomized controlled trial","BMC Public Health","","22","1","10.1186/s12889-022-14606-7","Joanne Chen LyuSarah S. OlsonDanielle E. RamoPamela M. Ling","2022","http://link.springer.com/article/10.1186/s12889-022-14606-7","Article"
"Reconciling public health common good and individual privacy: new methods and issues in geoprivacy","International Journal of Health Geographics","","21","1","10.1186/s12942-022-00300-9","Maged N. Kamel BoulosMei-Po KwanKhaled El EmamAda Lai-Ling ChungSong GaoDouglas B. Richardson","2022","http://link.springer.com/article/10.1186/s12942-022-00300-9","Article"
"The impact of exogenous shocks on national wellbeing. New Zealanders’ reaction to COVID-19","Applied Research in Quality of Life","","17","3","10.1007/s11482-021-09977-9","Philip S. MorrisonStephanié RossouwTalita Greyling","2022","http://link.springer.com/article/10.1007/s11482-021-09977-9","Article"
"Emotional profiling and cognitive networks unravel how mainstream and alternative press framed AstraZeneca, Pfizer and COVID-19 vaccination campaigns","Scientific Reports","","12","1","10.1038/s41598-022-18472-6","Alfonso SemeraroSalvatore VilellaGiancarlo RuffoMassimo Stella","2022","http://link.springer.com/article/10.1038/s41598-022-18472-6","Article"
"Factors influencing COVID-19 testing: a qualitative study in Bhutan","Global Health Research and Policy","","7","1","10.1186/s41256-022-00241-7","Sonam YangchenSolip HaAbraham AssanTashi Tobgay","2022","http://link.springer.com/article/10.1186/s41256-022-00241-7","Article"
"Machine learning based regional epidemic transmission risks precaution in digital society","Scientific Reports","","12","1","10.1038/s41598-022-24670-z","Zhengyu ShiHaoqi QianYao LiFan WuLibo Wu","2022","http://link.springer.com/article/10.1038/s41598-022-24670-z","Article"
"A survey on sentiment analysis methods, applications, and challenges","Artificial Intelligence Review","","55","7","10.1007/s10462-022-10144-1","Mayur WankhadeAnnavarapu Chandra Sekhara RaoChaitanya Kulkarni","2022","http://link.springer.com/article/10.1007/s10462-022-10144-1","Article"
"Structure, functions, performance and gaps of event-based surveillance (EBS) in Sudan, 2021: a cross-sectional review","Globalization and Health","","18","1","10.1186/s12992-022-00886-6","Elfatih Mohamed MalikAhmad Izzoddeen AbdullahSabir Ali MohammedAbdelgadir Ali BashirRayyan IbrahimAbdalla Mohammed AbdallaMuntasir Mohamed OsmanTahani Amin MahmoudMohamed Abdalhafiz AlkhidirSuleiman Gamal ElgorashiMazza Abasher AlzainOmer Elbadri MohamedIsmaiel Mohamed IsmaielHatim Fadelalsyeed FadelmulaBabiker Ahmed Ali MagboulMuzhgan Habibi","2022","http://link.springer.com/article/10.1186/s12992-022-00886-6","Article"
"62nd Annual Conference of the Indian Society of Gastroenterology, February 10th – 13th, 2022, Pune","Indian Journal of Gastroenterology","","41","1","10.1007/s12664-021-01234-z","","2022","http://link.springer.com/article/10.1007/s12664-021-01234-z","Article"
"Gender-based violence (GBV) coordination in humanitarian and public health emergencies: a scoping review","Conflict and Health","","16","1","10.1186/s13031-022-00471-z","Philomena RafteryNatasha HowardJennifer PalmerMazeda Hossain","2022","http://link.springer.com/article/10.1186/s13031-022-00471-z","Article"
"Assessment of Challenges and Opportunities and Identification of Approaches and Innovations in COVID-19 Pandemic Management by Different States in India: A Qualitative Approach","Journal of Epidemiology and Global Health","","12","1","10.1007/s44197-021-00022-4","Rashmi KundapurAnusha RashmiSunhitha VelamalaSumit AggarwalKalpita ShringarpureRakhal GaitondeBhavesh Modi","2022","http://link.springer.com/article/10.1007/s44197-021-00022-4","Article"
"Ten GIS-Based Solutions for Managing and Controlling COVID-19 Pandemic Outbreak","SN Computer Science","","3","4","10.1007/s42979-022-01150-9","Najmeh Neysani SamanyHua LiuReza AghataherMohammad Bayat","2022","http://link.springer.com/article/10.1007/s42979-022-01150-9","Article"
"Social network-based ethical analysis of COVID-19 vaccine supply policy in three Central Asian countries","BMC Medical Ethics","","23","1","10.1186/s12910-022-00764-1","Timur AripovDaniel WiklerDamin AsadovZhangir TulekovTotugul MurzabekovaKerim M. Munir","2022","http://link.springer.com/article/10.1186/s12910-022-00764-1","Article"
"An environmental scan of one health preparedness and response: the case of the Covid-19 pandemic in Rwanda","One Health Outlook","","4","1","10.1186/s42522-021-00059-2","Gloria IgihozoPhaedra HenleyArne RuckertCharles KarangwaRichard HabimanaRosine ManishimweLeandre IshemaHélène CarabinMary E. WiktorowiczRonald Labonté","2022","http://link.springer.com/article/10.1186/s42522-021-00059-2","Article"
"A survey of location-based social networks: problems, methods, and future research directions","GeoInformatica","","26","1","10.1007/s10707-021-00450-1","Xuemei WeiYang QianChunhua SunJianshan SunYezheng Liu","2022","http://link.springer.com/article/10.1007/s10707-021-00450-1","Article"
"Front-end deep learning web apps development and deployment: a review","Applied Intelligence","","","","10.1007/s10489-022-04278-6","Hock-Ann GohChin-Kuan HoFazly Salleh Abas","2022","http://link.springer.com/article/10.1007/s10489-022-04278-6","Article"
"Combating the global spread of poverty-related Monkeypox outbreaks and beyond","Infectious Diseases of Poverty","","11","1","10.1186/s40249-022-01004-9","Ernest TamboAshwaq M. Al-Nazawi","2022","http://link.springer.com/article/10.1186/s40249-022-01004-9","Article"
"Blockchain for sustainable supply chain management: trends and ways forward","Electronic Commerce Research","","","","10.1007/s10660-022-09569-1","Saumyaranjan SahooSatish KumarUthayasankar SivarajahWeng Marc LimJ. Christopher WestlandAshwani Kumar","2022","http://link.springer.com/article/10.1007/s10660-022-09569-1","Article"
"Development of a Haddon Matrix Framework for Higher Education Pandemic Preparedness: Scoping Review and Experiences of Malaysian Universities During the COVID-19 Pandemic","Higher Education Policy","","35","2","10.1057/s41307-020-00221-x","Mohd Shahir ShamsirSteven Eric KraussIsmi Arif IsmailHabibah Ab JalilMuhammad Akmal JoharIsmail Abdul Rahman","2022","http://link.springer.com/article/10.1057/s41307-020-00221-x","Article"
"Toward the understanding of national culture in the success of non‐pharmaceutical technological interventions in mitigating COVID-19 pandemic","Annals of Operations Research","","319","1","10.1007/s10479-021-03962-z","Manjul GuptaAmin ShojaPatrick Mikalef","2022","http://link.springer.com/article/10.1007/s10479-021-03962-z","Article"
"Adapting community-based sexual and reproductive health services for adolescents and young people aged 15-24 years in response to COVID-19 in Lusaka, Zambia: the implications on the uptake of HIV testing services","BMC Health Services Research","","22","1","10.1186/s12913-022-07878-7","Mwelwa Muleba PhiriBernadette HensenAb SchaapLucheka SigandeMelvin SimuyabaMusonda SimwingaSian FloydSarah FidlerRichard HayesHelen Ayles","2022","http://link.springer.com/article/10.1186/s12913-022-07878-7","Article"
"EVITA Dengue: a cluster-randomized controlled trial to EValuate the efficacy of Wolbachia-InfecTed Aedes aegypti mosquitoes in reducing the incidence of Arboviral infection in Brazil","Trials","","23","1","10.1186/s13063-022-05997-4","Matthew H. CollinsGail E. PotterMatt D. T. HitchingsEllie ButlerMichelle WilesJessie K. KennedySofia B. PintoAdla B. M. TeixeiraArnau Casanovas-MassanaNadine G. RouphaelGregory A. DeyeCameron P. SimmonsLuciano A. MoreiraMauricio L. NogueiraDerek A. T. CummingsAlbert I. Ko","2022","http://link.springer.com/article/10.1186/s13063-022-05997-4","Article"
"Assessing impact in global media: methods, innovations, and challenges","Place Branding and Public Diplomacy","","18","3","10.1057/s41254-021-00240-4","Yelena Osipova-StockerEulynn ShiuThomas LayouShawn Powers","2022","http://link.springer.com/article/10.1057/s41254-021-00240-4","Article"
"Text Analysis of Evolving Emotions and Sentiments in COVID-19 Twitter Communication","Cognitive Computation","","","","10.1007/s12559-022-10025-3","Veda C. StoreyDaniel E. O’Leary","2022","http://link.springer.com/article/10.1007/s12559-022-10025-3","Article"
"2022 ACMT Annual Scientific Meeting Abstracts – Virtual","Journal of Medical Toxicology","","18","2","10.1007/s13181-022-00888-1","","2022","http://link.springer.com/article/10.1007/s13181-022-00888-1","Article"
"A Comprehensive Survey of Emergency Communication Network and Management","Wireless Personal Communications","","124","2","10.1007/s11277-021-09411-1","Sanjoy DebnathWasim ArifSourav RoySrimanta BaishyaDebarati Sen","2022","http://link.springer.com/article/10.1007/s11277-021-09411-1","Article"
"Leveraging blockchain in response to a pandemic through disaster risk management: an IF-MCDM framework","Operations Management Research","","","","10.1007/s12063-022-00340-1","Iskender PekerIlker Murat ARIsmail ErolCory Searcy","2022","http://link.springer.com/article/10.1007/s12063-022-00340-1","Article"
"Digital technologies, healthcare and Covid-19: insights from developing and emerging nations","Health and Technology","","12","2","10.1007/s12553-022-00650-1","Mukesh ChandraKunal KumarPrabhat ThakurSomnath ChattopadhyayaFiroz AlamSatish Kumar","2022","http://link.springer.com/article/10.1007/s12553-022-00650-1","Article"
"Implementation of initiatives designed to improve healthcare worker health and wellbeing during the COVID-19 pandemic: comparative case studies from 13 healthcare provider organisations globally","Globalization and Health","","18","1","10.1186/s12992-022-00818-4","N O’BrienK FlottO BrayA ShawM Durkin","2022","http://link.springer.com/article/10.1186/s12992-022-00818-4","Article"
"Exploring spatiotemporal changes in the multi-granularity emotions of people in the city: a case study of Nanchang, China","Computational Urban Science","","2","1","10.1007/s43762-021-00030-x","Xin XiaoChaoyang FangHui LinLi LiuYa TianQinghua He","2022","http://link.springer.com/article/10.1007/s43762-021-00030-x","Article"
"Prediction of global spread of COVID-19 pandemic: a review and research challenges","Artificial Intelligence Review","","55","3","10.1007/s10462-021-09988-w","Saloni ShahAos MulahuwaishKayhan Zrar GhafoorHalgurd S. Maghdid","2022","http://link.springer.com/article/10.1007/s10462-021-09988-w","Article"
"Digital twin-driven intelligence disaster prevention and mitigation for infrastructure: advances, challenges, and opportunities","Natural Hazards","","112","1","10.1007/s11069-021-05190-x","Dianyou YuZheng He","2022","http://link.springer.com/article/10.1007/s11069-021-05190-x","Article"
"The ramification of Cameroon’s Anglophone crisis: conceptual analysis of a looming “Complex Disaster Emergency”","Journal of International Humanitarian Action","","7","1","10.1186/s41018-022-00114-1","Henry Ngenyam BangRoland Azibo Balgah","2022","http://link.springer.com/article/10.1186/s41018-022-00114-1","Article"
"Variation of parental feeding practices during the COVID-2019 pandemic: a systematic review","BMC Public Health","","22","1","10.1186/s12889-022-14027-6","Wen LuoQian CaiYou ZhouYepeng CaiHuizi SongYiran ZhangYuying ChenYuexia Liao","2022","http://link.springer.com/article/10.1186/s12889-022-14027-6","Article"
"Personal health record system based on social network analysis","Multimedia Tools and Applications","","81","19","10.1007/s11042-022-12910-3","Mozhgan TanhapourAli Asghar SafaeiHadi Shakibian","2022","http://link.springer.com/article/10.1007/s11042-022-12910-3","Article"
"Crisis, justice, and managing the appetite for risk","Jindal Global Law Review","","13","1","10.1007/s41020-022-00165-w","Francine Rochford","2022","http://link.springer.com/article/10.1007/s41020-022-00165-w","Article"
"Digital technologies as enablers of supply chain sustainability in an emerging economy","Operations Management Research","","15","3 - 4","10.1007/s12063-021-00226-8","Mohammadreza AkbariJohn L. Hopkins","2022","http://link.springer.com/article/10.1007/s12063-021-00226-8","Article"
"Pseudoscience and fraudulent products for COVID-19 management","Environmental Science and Pollution Research","","29","42","10.1007/s11356-022-21967-4","Vivek P. ChavdaShreya S. SonakNafesa K. MunshiPooja N. Dhamade","2022","http://link.springer.com/article/10.1007/s11356-022-21967-4","Article"
"Study protocol for a cluster randomized trial of a school, family, and community intervention for preventing drug misuse among older adolescents in the Cherokee Nation","Trials","","23","1","10.1186/s13063-022-06096-0","Kelli A. KomroTerrence K. KominskyJuli R. SkinnerMelvin D. LivingstonBethany J. LivingstonKristin AvanceAshley N. LincolnCaroline M. BarryAndrew L. WalkerDallas W. PettigrewLisa J. MerloHannah L. F. CooperAlexander C. Wagenaar","2022","http://link.springer.com/article/10.1186/s13063-022-06096-0","Article"
"Using Real-Time Dashboards to Monitor the Impact of Disruptive Events on Real Estate Market. Case of COVID-19 Pandemic in Australia","Computational Urban Science","","2","1","10.1007/s43762-022-00044-z","Balamurugan SoundararajChristopher PettitOliver Lock","2022","http://link.springer.com/article/10.1007/s43762-022-00044-z","Article"
"Abstracts of the 8th Tanzania Health Summit, October 2021","BMC Proceedings","","16","2","10.1186/s12919-022-00231-0","","2022","http://link.springer.com/article/10.1186/s12919-022-00231-0","Article"
"Machine and cognitive intelligence for human health: systematic review","Brain Informatics","","9","1","10.1186/s40708-022-00153-9","Xieling ChenGary ChengFu Lee WangXiaohui TaoHaoran XieLingling Xu","2022","http://link.springer.com/article/10.1186/s40708-022-00153-9","Article"
"Intimate Partner Violence and COVID-19 in Rural, Remote, and Northern Canada: Relationship, Vulnerability and Risk","Journal of Family Violence","","37","5","10.1007/s10896-020-00212-x","Pertice MoffittWendy AujlaCrystal J. GiesbrechtIsabel GrantAnna-Lee Straatman","2022","http://link.springer.com/article/10.1007/s10896-020-00212-x","Article"
"The SAINT observatory subsystem: an open-source intelligence tool for uncovering cybersecurity threats","International Journal of Information Security","","21","5","10.1007/s10207-022-00599-2","Vasileios VlachosYannis C. StamatiouPantelis TzamalisSotiris Nikoletseas","2022","http://link.springer.com/article/10.1007/s10207-022-00599-2","Article"
"Study protocol of a randomized controlled trial comparing two linkage models for HIV prevention and treatment in justice-involved persons","BMC Infectious Diseases","","22","1","10.1186/s12879-022-07354-x","Sandra A. SpringerAnk E. NijhawanKevin KnightIrene KuoAngela Di PaolaEsther SchlossbergCynthia A. FrankMark SanchezJennifer PankowRandi P. ProffittWayne LehmanZoe PulitzerKelly ThompsonSandra VioletteKathleen K. Harding","2022","http://link.springer.com/article/10.1186/s12879-022-07354-x","Article"
"48th Annual Meeting of the International Society for Pediatric Neurosurgery","Child's Nervous System","","38","12","10.1007/s00381-022-05754-7","","2022","http://link.springer.com/article/10.1007/s00381-022-05754-7","Article"
"Soil carbon sequestration as a climate strategy: what do farmers think?","Biogeochemistry","","161","1","10.1007/s10533-022-00948-2","Holly Jean BuckAlexis Palumbo-Compton","2022","http://link.springer.com/article/10.1007/s10533-022-00948-2","Article"
"Information Privacy Behaviors during the COVID-19 Pandemic: Focusing on the Restaurant Context","Information Systems Frontiers","","","","10.1007/s10796-022-10321-1","Eunji LeeJin-young KimJunchul KimChulmo Koo","2022","http://link.springer.com/article/10.1007/s10796-022-10321-1","Article"
"Integrated Health Care Delivery for Adolescents Living with and at Risk of HIV Infection:  A Review of Models and Actions for Implementation","AIDS and Behavior","","","","10.1007/s10461-022-03787-2","Sujha SubramanianEleanor Namusoke-MagongoPatrick EdwardsMillicent AtujunaTeddy ChimulwaDorothy DowEmilia JalilNguavese TorbundeKawango AgotIvan ArinaitweJenny BeizerNachela ChelwaScovia Nalugo MbalindaSam MitiFlorence Mwangwa","2022","http://link.springer.com/article/10.1007/s10461-022-03787-2","Article"
"Technology-Based Peer Support Interventions for Adolescents with Chronic Illness: A Systematic Review","Journal of Clinical Psychology in Medical Settings","","29","4","10.1007/s10880-022-09853-0","Patricia BerkanishSamuel PanAdrienne ViolaQuinn RademakerKatie A. Devine","2022","http://link.springer.com/article/10.1007/s10880-022-09853-0","Article"
"Measuring Chinese cities’ economic development with mobile application usage","Journal of Geographical Sciences","","32","12","10.1007/s11442-022-2054-x","Zhewei LiuJianxiao LiuXiao HuangErchen ZhangBiyu Chen","2022","http://link.springer.com/article/10.1007/s11442-022-2054-x","Article"
"Research protocol for impact assessment of a project to scale up food policies in the Pacific","Health Research Policy and Systems","","20","1","10.1186/s12961-022-00927-x","Dori PatayKathy TrieuBriar McKenzieShanthi RamanathanAlexis HureColin BellAnne-Marie ThowSteven AllenderErica ReeveAliyah PaluMark WoodwardGade WaqaJacqui Webster","2022","http://link.springer.com/article/10.1186/s12961-022-00927-x","Article"
"The whole-of-society approach of mass COVID-19 vaccination in China: a qualitative study","Health Research Policy and Systems","","20","1","10.1186/s12961-022-00947-7","Qian WangZhiqiang QuShiyi TuXi ChenZhiyuan Hou","2022","http://link.springer.com/article/10.1186/s12961-022-00947-7","Article"
"A state-of-the-art examination of disaster management in Sierra Leone: the implementation drawbacks, research gaps, advances, and prospects","Geoenvironmental Disasters","","9","1","10.1186/s40677-022-00224-3","Bashiru TuraySheku Gbetuwa","2022","http://link.springer.com/article/10.1186/s40677-022-00224-3","Article"
"Device activism and material participation in healthcare: retracing forms of engagement in the #WeAreNotWaiting movement for open-source closed-loop systems in type 1 diabetes self-care","BioSocieties","","","","10.1057/s41292-022-00278-4","Bianca JanskyHenriette Langstrup","2022","http://link.springer.com/article/10.1057/s41292-022-00278-4","Article"
"Methodology and experiences of rapid advice guideline development for children with COVID-19: responding to the COVID-19 outbreak quickly and efficiently","BMC Medical Research Methodology","","22","1","10.1186/s12874-022-01545-5","Qi ZhouQinyuan LiJanne EstillQi WangZijun WangQianling ShiJingyi ZhangXiaobo ZhangJoseph L. MathewRosalind L. SmythDetty NurdiatiZhou FuHongmei XuXianlan ZhengXiaodong ZhaoQuan Lu","2022","http://link.springer.com/article/10.1186/s12874-022-01545-5","Article"
"Automatic hate speech detection using aspect based feature extraction and Bi-LSTM model","International Journal of System Assurance Engineering and Management","","13","6","10.1007/s13198-022-01763-6","Srinivasulu KothuruA. Santhanavijayan","2022","http://link.springer.com/article/10.1007/s13198-022-01763-6","Article"
"A high-resolution temporal and geospatial content analysis of Twitter posts related to the COVID-19 pandemic","Journal of Computational Social Science","","5","1","10.1007/s42001-021-00150-8","Charalampos NtomprasGeorge DrosatosEleni Kaldoudi","2022","http://link.springer.com/article/10.1007/s42001-021-00150-8","Article"
"Using the Baidu index to understand Chinese interest in thyroid related diseases","Scientific Reports","","12","1","10.1038/s41598-022-21378-y","Qian HuYuan-lin MouRuo-yun YinLei TangFan Zhang","2022","http://link.springer.com/article/10.1038/s41598-022-21378-y","Article"
"Understanding the conversation around COVID-19 and eating disorders: A thematic analysis of Reddit","Journal of Eating Disorders","","10","1","10.1186/s40337-022-00530-z","Ashleigh N. ShieldsElise TaylorJessica R. Welch","2022","http://link.springer.com/article/10.1186/s40337-022-00530-z","Article"
"Living in the era of codes: a reflection on China’s health code system","BioSocieties","","","","10.1057/s41292-022-00290-8","Haiqing Yu","2022","http://link.springer.com/article/10.1057/s41292-022-00290-8","Article"
"Nutrition support for critically ill patients during the COVID-19 pandemic: the Italian SIAARTI survey","Journal of Anesthesia, Analgesia and Critical Care","","2","1","10.1186/s44158-022-00063-6","Romano TetamoCiro FittipaldiSalvatore BuonoMichele Umbrello","2022","http://link.springer.com/article/10.1186/s44158-022-00063-6","Article"
"In-service teachers' TPACK development through an adaptive e-learning environment (ALE)","Education and Information Technologies","","","","10.1007/s10639-022-11477-8","Mohamed Ali Nagy ElmaadawayYousri Attia Mohamed Abouelenein","2022","http://link.springer.com/article/10.1007/s10639-022-11477-8","Article"
"Mathematical modelling for decision making of lockdown during COVID-19","Applied Intelligence","","52","1","10.1007/s10489-021-02463-7","Ahona GhoshSandip RoyHaraprasad MondalSuparna BiswasRajesh Bose","2022","http://link.springer.com/article/10.1007/s10489-021-02463-7","Article"
"The propagation effect of commuting to work in the spatial transmission of COVID-19","Journal of Geographical Systems","","24","1","10.1007/s10109-021-00349-3","Timo MitzeReinhold Kosfeld","2022","http://link.springer.com/article/10.1007/s10109-021-00349-3","Article"
"Implementation and challenges to preventing the re-establishment of malaria in China in the COVID-19 era","Globalization and Health","","18","1","10.1186/s12992-022-00858-w","Guangyu LuYuanyuan CaoDongying ZhangYuying ZhangYuhui XuYan LuQi ChenGuoding ZhuJun YanOlaf MüllerJun Cao","2022","http://link.springer.com/article/10.1186/s12992-022-00858-w","Article"
"A North–South Problem in Civic-Tech and Volunteered Geographic Information as Countermeasures of COVID-19: A Brief Overview","SN Computer Science","","3","5","10.1007/s42979-022-01262-2","Koshiro Suzuki","2022","http://link.springer.com/article/10.1007/s42979-022-01262-2","Article"
"The Source of SMEs’ Competitive Performance in COVID-19: Matching Big Data Analytics Capability to Business Models","Information Systems Frontiers","","24","4","10.1007/s10796-022-10287-0","Jianmin SongSenmao XiaDemetris VrontisArun SukumarBing LiaoQi LiKun TianNengzhi Yao","2022","http://link.springer.com/article/10.1007/s10796-022-10287-0","Article"
"“A Divine Infection”: A Systematic Review on the Roles of Religious Communities During the Early Stage of COVID-19","Journal of Religion and Health","","61","1","10.1007/s10943-021-01364-w","Mikyung LeeHeejun LimMerin Shobhana XavierEun-Young Lee","2022","http://link.springer.com/article/10.1007/s10943-021-01364-w","Article"
"System-level policies on appropriate opioid use, a multi-stakeholder consensus","BMC Health Services Research","","22","1","10.1186/s12913-022-07696-x","Patrice ForgetChampika PatulloDuncan HillAtul AmbekarAlex BaldacchinoJuan CataSean ChettyFelicia J. CoxHans D. de BoerKieran DinwoodieGeert DomChristopher EcclestonBrona FullenLiisa JutilaRoger D. KnaggsPatricia Lavand’homme","2022","http://link.springer.com/article/10.1186/s12913-022-07696-x","Article"
"Vaccine Hesitancy: Obstacles and Challenges","Current Pediatrics Reports","","10","4","10.1007/s40124-022-00278-9","Preeti M. GalagaliAarti Avinash KinikarVikram Sakaleshpur Kumar","2022","http://link.springer.com/article/10.1007/s40124-022-00278-9","Article"
"Evidence and implication of interventions across various socioecological levels to address pre-exposure prophylaxis uptake and adherence among men who have sex with men in the United States: a systematic review","AIDS Research and Therapy","","19","1","10.1186/s12981-022-00456-1","Ying WangJason W. MitchellChen ZhangYu Liu","2022","http://link.springer.com/article/10.1186/s12981-022-00456-1","Article"
"Public health surveillance in the U.S. Department of Veterans Affairs: evaluation of the Praedico surveillance system","BMC Public Health","","22","1","10.1186/s12889-022-12578-2","Cynthia Lucero-ObusanGina OdaAnoshiravan MostaghimiPatricia SchirmerMark Holodniy","2022","http://link.springer.com/article/10.1186/s12889-022-12578-2","Article"
"On prioritising global health’s triple crisis of sepsis, COVID-19 and antimicrobial resistance: a mixed-methods study from Malawi","BMC Health Services Research","","22","1","10.1186/s12913-022-08007-0","Paul KawaleLevi KalitsiloJessie MphandeBayode Romeo AdegbiteMartin P. GrobuschShevin T. JacobJamie RylanceNyovani J. Madise","2022","http://link.springer.com/article/10.1186/s12913-022-08007-0","Article"
"Abstracts of the 88th Annual Meeting of the German Society for Experimental and Clinical Pharmacology and Toxicology (DGPT)","Naunyn-Schmiedeberg's Archives of Pharmacology","","395","1","10.1007/s00210-022-02205-7","","2022","http://link.springer.com/article/10.1007/s00210-022-02205-7","Article"
"A detailed survey of denial of service for IoT and multimedia systems: Past, present and futuristic development","Multimedia Tools and Applications","","81","14","10.1007/s11042-021-11859-z","Amandeep VermaRahul SahaNeeraj KumarGulshan KumarTai-Hoon-Kim","2022","http://link.springer.com/article/10.1007/s11042-021-11859-z","Article"
"Using contact tracing from interlocking diaries to map mood contagion along network chains","Scientific Reports","","12","1","10.1038/s41598-022-07402-1","Yang-chih FuTa-Chien ChanYen-Hua ChuJing-Shiang Hwang","2022","http://link.springer.com/article/10.1038/s41598-022-07402-1","Article"
"PEVis: visual analytics of potential anomaly pattern evolution for temporal multivariate data","Journal of Visualization","","25","3","10.1007/s12650-021-00807-6","Cheng LvKe RenHuijie ZhangJia FuYiming Lin","2022","http://link.springer.com/article/10.1007/s12650-021-00807-6","Article"
"Status-Neutral Interventions to Support Health Equity for Black Sexual Minority Men","Current HIV/AIDS Reports","","19","4","10.1007/s11904-022-00610-4","Jade Pagkas-BatherRussell BrewerAlida Bouris","2022","http://link.springer.com/article/10.1007/s11904-022-00610-4","Article"
"Teaching in the Age of Covid-19—The New Normal","Postdigital Science and Education","","4","3","10.1007/s42438-022-00332-1","Petar JandrićAna Fuentes MartinezCharles ReitzLiz JacksonDennis GrauslundDavid HayesHappiness Onesmo LukokoMichael HoganPeter MozeliusJanine Aldous ArantesPaul LevinsonJānis John OzoliņšJames D. KiryloPaul R. CarrNina HoodMarek Tesar","2022","http://link.springer.com/article/10.1007/s42438-022-00332-1","Article"
"Multi-class autoencoder-ensembled prediction model for detection of COVID-19 severity","Evolutionary Intelligence","","","","10.1007/s12065-022-00744-9","Mayuri GuptaAdwitiya Sinha","2022","http://link.springer.com/article/10.1007/s12065-022-00744-9","Article"
"Italian Society for the Study of Eating Disorders XV National Congress, Verbania, Italy, 6–8 October 2022","Eating and Weight Disorders - Studies on Anorexia, Bulimia and Obesity","","27","7","10.1007/s40519-022-01468-6","","2022","http://link.springer.com/article/10.1007/s40519-022-01468-6","Article"
"Prevalence and associated factors of suicidal ideation among college students during the COVID-19 pandemic in China: a 3-wave repeated survey","BMC Psychiatry","","22","1","10.1186/s12888-022-03968-2","Shun-wei LiangLi-li LiuXiao-dan PengJian-bin ChenAn-di HuangXia-yong WangJing-bo ZhaoFang FanXian-chen Liu","2022","http://link.springer.com/article/10.1186/s12888-022-03968-2","Article"
"Exemplification of child abduction in US news media: Testing media effects on parental perceptions and assessment of risk","Journal of Experimental Criminology","","","","10.1007/s11292-022-09535-9","Jane Long WeatherredLeigh Moscowitz","2022","http://link.springer.com/article/10.1007/s11292-022-09535-9","Article"
"A systematic literature review on the use of big data analytics in humanitarian and disaster operations","Annals of Operations Research","","","","10.1007/s10479-022-04904-z","Abhilash KondragantiGopalakrishnan NarayanamurthyHossein Sharifi","2022","http://link.springer.com/article/10.1007/s10479-022-04904-z","Article"
"Impact of second-order network motif on online social networks","The Journal of Supercomputing","","78","4","10.1007/s11227-021-04079-7","Sankhamita SinhaSubhayan BhattacharyaSarbani Roy","2022","http://link.springer.com/article/10.1007/s11227-021-04079-7","Article"
"Outbreak COVID-19 in Medical Image Processing Using Deep Learning: A State-of-the-Art Review","Archives of Computational Methods in Engineering","","29","4","10.1007/s11831-021-09667-7","Jaspreet KaurPrabhpreet Kaur","2022","http://link.springer.com/article/10.1007/s11831-021-09667-7","Article"
"TB-PRACTECAL: study protocol for a randomised, controlled, open-label, phase II–III trial to evaluate the safety and efficacy of regimens containing bedaquiline and pretomanid for the treatment of adult patients with pulmonary multidrug-resistant tuberculosis","Trials","","23","1","10.1186/s13063-022-06331-8","Catherine BerryPhilipp du CrosKatherine FieldingSuzanne GajewskiEmil KazounisTimothy D. McHughCorinne MerleIlaria MottaDavid A. J. MooreBern-Thomas Nyang’wa","2022","http://link.springer.com/article/10.1186/s13063-022-06331-8","Article"
"“I feel like it is asking if he is a stalker … but I also feel like it is asking if he cares”: exploring young South African women and men’s perceptions of the Sexual Relationship Power Scale","BMC Public Health","","22","1","10.1186/s12889-022-13686-9","Kalysha ClossonCampion ZharimaMichelle KuchenaJanan J. DietrichAnne GadermannGina OgilvieMags BeksinskaAngela Kaida","2022","http://link.springer.com/article/10.1186/s12889-022-13686-9","Article"
"IUGA 46th Virtual Annual Meeting","International Urogynecology Journal","","33","1","10.1007/s00192-022-05079-8","","2022","http://link.springer.com/article/10.1007/s00192-022-05079-8","Article"
"Prevention and control of mosquito-borne arboviral diseases: lessons learned from a school-based intervention in Brazil (Zikamob)","BMC Public Health","","22","1","10.1186/s12889-022-12554-w","Silvana SantosRoberta Smania-MarquesVictor Alves AlbinoIzabelly Dutra FernandesFrancisco Fernandes Abel MangueiraRuy Alberto Pisani AltafimRicardo OlindaMatt SmithJohn Traxler","2022","http://link.springer.com/article/10.1186/s12889-022-12554-w","Article"
"Measles outbreak investigation process in low- and middle-income countries: a systematic review of the methods and costs of contact tracing","Journal of Public Health","","30","10","10.1007/s10389-021-01590-2","Etheldreda L. MbivnjoMary LynchJaci C. Huws","2022","http://link.springer.com/article/10.1007/s10389-021-01590-2","Article"
"An interpretive analysis of the 2030 Sustainable Development Goals in Hong Kong public universities","Asia Pacific Education Review","","23","4","10.1007/s12564-022-09777-2","Jae ParkTamara Savelyeva","2022","http://link.springer.com/article/10.1007/s12564-022-09777-2","Article"
"Volcano Tourism and Visitor Safety: Still Playing with Fire? A 10-Year Update","Geoheritage","","14","2","10.1007/s12371-022-00691-y","Patricia Erfurt","2022","http://link.springer.com/article/10.1007/s12371-022-00691-y","Article"
"The future of urban models in the Big Data and AI era: a bibliometric analysis (2000–2019)","AI & SOCIETY","","37","1","10.1007/s00146-021-01166-4","Marion Maisonobe","2022","http://link.springer.com/article/10.1007/s00146-021-01166-4","Article"
"A “Viral Epistolary” and Psychosocial Spirituality: Restoring Transcendental Meaning During COVID-19 Through a Digital Community Letter-Writing Project","Pastoral Psychology","","71","2","10.1007/s11089-021-00991-0","Ciro De VincenzoFlavia SerioAnita FranceschiSimone BarbagalloAdriano Zamperini","2022","http://link.springer.com/article/10.1007/s11089-021-00991-0","Article"
"Neuro-semantic prediction of user decisions to contribute content to online social networks","Neural Computing and Applications","","34","19","10.1007/s00521-022-07307-0","Pablo ClevelandSebastian A. RiosFelipe AguileraManuel Graña","2022","http://link.springer.com/article/10.1007/s00521-022-07307-0","Article"
"‘Data dregs’ and its implications for AI ethics: Revelations from the pandemic","AI and Ethics","","2","4","10.1007/s43681-021-00130-8","Sun Sun LimRoland Bouffanais","2022","http://link.springer.com/article/10.1007/s43681-021-00130-8","Article"
"Digital Eye Strain- A Comprehensive Review","Ophthalmology and Therapy","","11","5","10.1007/s40123-022-00540-9","Kirandeep KaurBharat GurnaniSwatishree NayakNilutparna DeoriSavleen KaurJitendra JethaniDigvijay SinghSumita AgarkarJameel Rizwana HussaindeenJaspreet SukhijaDeepak Mishra","2022","http://link.springer.com/article/10.1007/s40123-022-00540-9","Article"
"Testing Communication Concepts on COVID-19 Contact Tracing Among Black and Latinx/Hispanic People in the United States","Journal of Racial and Ethnic Health Disparities","","9","6","10.1007/s40615-021-01167-5","Sandra MullinShuo WangIrina MorozovaJulia BerensonNana AsaseDenene Jonielle RodneySharon ArthurNandita Murukutla","2022","http://link.springer.com/article/10.1007/s40615-021-01167-5","Article"
"Towards a standard modeling of social health care practice","Social Network Analysis and Mining","","12","1","10.1007/s13278-022-00903-x","Mouhamed Gaith AyadiRiadh BouslimiJalel Akaichi","2022","http://link.springer.com/article/10.1007/s13278-022-00903-x","Article"
"Rationale and study protocol for a randomized controlled trial to determine the effectiveness of a culturally relevant, stress management enhanced behavioral weight loss intervention on weight loss outcomes of black women","BMC Public Health","","22","1","10.1186/s12889-022-12519-z","Acadia W. BuroMonica BaskinDarci MillerTayler WardDelia Smith WestL. Robert GoreClement K. GwedeElissa EpelTiffany L. Carson","2022","http://link.springer.com/article/10.1186/s12889-022-12519-z","Article"
"COVID-19 Pandemic Support Programs for Healthcare Workers and Implications for Occupational Mental Health: A Narrative Review","Psychiatric Quarterly","","93","1","10.1007/s11126-021-09952-5","Eden DavidJonathan M. DePierroDeborah B. MarinVanshdeep SharmaDennis S. CharneyCraig L. Katz","2022","http://link.springer.com/article/10.1007/s11126-021-09952-5","Article"
"Reactions towards organizational change: a systematic literature review","Current Psychology","","","","10.1007/s12144-022-03070-6","Khai Wah KhawAlhamzah AlnoorHadi AL-AbrrowVictor TiberiusYuvaraj GanesanNadia A. Atshan","2022","http://link.springer.com/article/10.1007/s12144-022-03070-6","Article"
"Comparative effectiveness of in-person vs. remote delivery of the Common Elements Treatment Approach for addressing mental and behavioral health problems among adolescents and young adults in Zambia: protocol of a three-arm randomized controlled trial","Trials","","23","1","10.1186/s13063-022-06319-4","Caleb J. FiggeJeremy C. KaneStephanie SkavenskiEmily HarozMwamba MwengeSaphira MulembaLuke R. AldridgeMichael J. VinikoorAnjali SharmaSachi InoueRavi PaulFrancis SimendaKristina MetzCarolyn BoltonChristopher KempSamuel Bosomprah","2022","http://link.springer.com/article/10.1186/s13063-022-06319-4","Article"
"Knowledge and Attitudes Towards Obesity and Bariatric Surgery in University Students: a National Survey","Obesity Surgery","","32","9","10.1007/s11695-022-06157-y","Xingling DiaoLilian GaoYurou YangXiaomei ChenJiayu GongYuxiu QianWah Yang","2022","http://link.springer.com/article/10.1007/s11695-022-06157-y","Article"
"Theoretical model of investigating determinants for a successful Electronic Assessment System (EAS) in higher education","Education and Information Technologies","","27","9","10.1007/s10639-022-11098-1","Daniel Y. MoYuk Ming TangEdmund Y. WuValerie Tang","2022","http://link.springer.com/article/10.1007/s10639-022-11098-1","Article"
"Evolution of COVID-19 tweets about Southeast Asian Countries: topic modelling and sentiment analyses","Place Branding and Public Diplomacy","","","","10.1057/s41254-022-00271-5","Boonyanit MathayomchanViriya TaecharungrojWalanchalee Wattanacharoensil","2022","http://link.springer.com/article/10.1057/s41254-022-00271-5","Article"
"Abstracts from the Royal College of Podiatry Annual Conference","Journal of Foot and Ankle Research","","15","1","10.1186/s13047-022-00529-4","","2022","http://link.springer.com/article/10.1186/s13047-022-00529-4","Article"
"Use of research evidence varied in efforts to expand specific pharmacist autonomous prescriptive authority: an evaluation and recommendations to increase research utilization","Health Research Policy and Systems","","20","1","10.1186/s12961-021-00789-9","Akshara KumarAmber Bivins RayCarrie Blanchard","2022","http://link.springer.com/article/10.1186/s12961-021-00789-9","Article"
"Real-World User Experiences with a Digital Pill System to Measure PrEP Adherence: Perspectives from MSM with Substance Use","AIDS and Behavior","","26","7","10.1007/s10461-022-03594-9","Peter R. ChaiGeorgia R. GoodmanOlivia BronziGerard GonzalesAlejandro BaezMaria J. BustamanteJesse NajarroYassir MohamedMatthew C. SullivanKenneth H. MayerEdward W. BoyerConall O’CleirighRochelle K. Rosen","2022","http://link.springer.com/article/10.1007/s10461-022-03594-9","Article"
"Inferring range of information diffusion based on historical frequent items","Data Mining and Knowledge Discovery","","36","1","10.1007/s10618-021-00800-5","Weiyi LiuKun YueJianyu LiJie LiJin LiZhijian Zhang","2022","http://link.springer.com/article/10.1007/s10618-021-00800-5","Article"
"When data drive health: an archaeology of medical records technology","BioSocieties","","17","4","10.1057/s41292-021-00249-1","Colin KoopmanPatrick JonesValérie SimonPaul ShowlerMary McLevey","2022","http://link.springer.com/article/10.1057/s41292-021-00249-1","Article"
"“I’m not listening to my teacher, I’m listening to my computer”: online learning, disengagement, and the impact of COVID-19 on French university students","Higher Education","","","","10.1007/s10734-022-00854-4","Charlotte BranchuErwin Flaureau","2022","http://link.springer.com/article/10.1007/s10734-022-00854-4","Article"
"Development of a simple and effective online training for health workers: results from a pilot in Nigeria","BMC Public Health","","22","1","10.1186/s12889-022-12943-1","Marshall P. ThomasSamantha KozikottMoreen KamateekaRamatu Abdu-AguyeEmmanuel AgogoBakunawa Garba BelloKaren BrudneyOlivier ManziLeena N. PatelAmy Elizabeth Barrera-CanceddaJobin AbrahamChristopher T. Lee","2022","http://link.springer.com/article/10.1186/s12889-022-12943-1","Article"
"Differential psychological response to the COVID-19 pandemic in psychiatric inpatients compared to a non-clinical population from Germany","European Archives of Psychiatry and Clinical Neuroscience","","272","1","10.1007/s00406-021-01291-7","Stephanie V. RekDaniel FreemanMatthias A. ReinhardMarkus BühnerSofie GrosenPeter FalkaiKristina AdorjanFrank Padberg","2022","http://link.springer.com/article/10.1007/s00406-021-01291-7","Article"
"Bone Turnover Markers After Six Nights of Insufficient Sleep and Subsequent Recovery Sleep in Healthy Men","Calcified Tissue International","","110","6","10.1007/s00223-022-00950-8","Christine M. SwansonPrajakta ShanbhagEmma J. TusseyCorey A. RyndersKenneth P. Wright JrWendy M. Kohrt","2022","http://link.springer.com/article/10.1007/s00223-022-00950-8","Article"
"Mindfulness for Reducing Minority Stress and Promoting Health Among Sexual Minority Men: Uncovering Intervention Principles and Techniques","Mindfulness","","13","10","10.1007/s12671-022-01973-w","Shufang SunArryn A. GuyDavid G. ZelayaDon Operario","2022","http://link.springer.com/article/10.1007/s12671-022-01973-w","Article"
"The Indian fashion and textile sector in and post COVID-19 times","Fashion and Textiles","","9","1","10.1186/s40691-021-00267-4","Karan Khurana","2022","http://link.springer.com/article/10.1186/s40691-021-00267-4","Article"
"Strengthening research ethics governance and regulatory oversight in Central America and the Dominican Republic in response to the COVID-19 pandemic: a qualitative study","Health Research Policy and Systems","","20","1","10.1186/s12961-022-00933-z","Julio Arturo Canario GuzmánJessie OrlichRenata Mendizábal-CabreraArgentina YingClaude VergèsEleonora EspinozaMario SorianoElsy CárcamoBriana BeltránEddys Rafael Mendoza MarreroReyna SepulvedaClaudia Nieto AndersonNicole Feune de ColombiRoxana LescanoEddy Pérez-ThenTrudie Lang","2022","http://link.springer.com/article/10.1186/s12961-022-00933-z","Article"
"Recent perspectives and awareness on transmission, clinical manifestation, quarantine measures, prevention and treatment of COVID-19 among people living in Malaysia in 2020","Journal of Public Health","","30","5","10.1007/s10389-020-01395-9","Alabed Ali A. AlabedAsita ElengoeElan Selvi AnandanAbdullah Y. Almahdi","2022","http://link.springer.com/article/10.1007/s10389-020-01395-9","Article"
"Youth vaping: a review and update on global epidemiology, physical and behavioral health risks, and clinical considerations","European Journal of Pediatrics","","181","2","10.1007/s00431-021-04220-x","Timothy D. BeckerTimothy R. Rice","2022","http://link.springer.com/article/10.1007/s00431-021-04220-x","Article"
"Perceptions of the Coronavirus and COVID-19 testing and vaccination in Latinx and Indigenous Mexican immigrant communities in the Eastern Coachella Valley","BMC Public Health","","22","1","10.1186/s12889-022-13375-7","Daniel GehlbachEvelyn VázquezGabriela OrtizErica LiCintya Beltrán SánchezSonia RodríguezMaría PozarAnn M. Cheney","2022","http://link.springer.com/article/10.1186/s12889-022-13375-7","Article"
"The Ministry of Religious Congregations to People Affected by the SARS-CoV-2 Coronavirus in Poland: Geographies of Care During the COVID-19 Pandemic","Journal of Religion and Health","","61","3","10.1007/s10943-022-01570-0","Franciszek MrózPiotr Roszak","2022","http://link.springer.com/article/10.1007/s10943-022-01570-0","Article"
"Partnered implementation of the veteran sponsorship initiative: protocol for a randomized hybrid type 2 effectiveness—implementation trial","Implementation Science","","17","1","10.1186/s13012-022-01212-9","Joseph C. GeraciErin P. FinleyEmily R. EdwardsSheila FrankfurtA. Solomon KurzNipa KamdarMegan E. VannemanLeonard M. LopooHannah PatnaikJean YoonNicholas ArmstrongAshley L. GreeneGilly CantorJoseph WrobleskiErin YoungMatthew Goldsmith","2022","http://link.springer.com/article/10.1186/s13012-022-01212-9","Article"
"Anxiety and depression among epilepsy patients in low-risk areas for COVID-19 in the northern part of Guizhou Province, China, during the COVID-19 pandemic","Acta Epileptologica","","4","1","10.1186/s42494-022-00092-2","Shen WangJuan YangNian WeiWenbo LvZhigang JiangHao HuangJun ZhangPing XuChang Yin YuZucai Xu","2022","http://link.springer.com/article/10.1186/s42494-022-00092-2","Article"
"Developing and testing a Corona VaccinE tRiAL pLatform (COVERALL) to study Covid-19 vaccine response in immunocompromised patients","BMC Infectious Diseases","","22","1","10.1186/s12879-022-07621-x","Katharina KusejkoFrédérique ChammartinDaniel SmithMarc OdermattJulian SchuhmacherMichael KollerHuldrych F. GünthardMatthias BrielHeiner C. BucherBenjamin Speich","2022","http://link.springer.com/article/10.1186/s12879-022-07621-x","Article"
"FemmeBand: a novel IoT application of smart security band implemented using electromyographic sensors based on wireless body area networks","Innovations in Systems and Software Engineering","","","","10.1007/s11334-022-00490-2","Amiya KarmakarKaustabh GangulyPritam GhoshAnusua MazumderPartha Sarathi BanerjeeDebashis De","2022","http://link.springer.com/article/10.1007/s11334-022-00490-2","Article"
"COVID-19: A Comprehensive Review of Learning Models","Archives of Computational Methods in Engineering","","29","3","10.1007/s11831-021-09641-3","Shivam ChaharPradeep Kumar Roy","2022","http://link.springer.com/article/10.1007/s11831-021-09641-3","Article"
"Healthcare workers’ heterogeneous mental-health responses to prolonging COVID-19 pandemic: a full year of monthly follow up in Finland","BMC Psychiatry","","22","1","10.1186/s12888-022-04389-x","Tom RosenströmKatinka TuiskuJaana SuvisaariEero PukkalaKristiina JunttilaHenna HaravuoriMarko ElovainioToni HaapaPekka JylhäTanja Laukkala","2022","http://link.springer.com/article/10.1186/s12888-022-04389-x","Article"
"Automatic COVID-19 detection mechanisms and approaches from medical images: a systematic review","Multimedia Tools and Applications","","81","20","10.1007/s11042-022-12952-7","Amir Masoud RahmaniElham AzhirMorteza NaserbakhtMokhtar MohammadiAdil Hussein Mohammed AldalwieMohammed Kamal MajeedSarkhel H. Taher KarimMehdi Hosseinzadeh","2022","http://link.springer.com/article/10.1007/s11042-022-12952-7","Article"
"Study protocol for a pilot randomized controlled trial to increase COVID-19 testing and vaccination among people who inject drugs in San Diego County","Addiction Science & Clinical Practice","","17","1","10.1186/s13722-022-00328-z","Angela R. BazziAlicia Harvey-VeraTara Buesig-StamosDaniela AbramovitzCarlos F. VeraIrina ArtamonovaThomas L. PattersonSteffanie A. Strathdee","2022","http://link.springer.com/article/10.1186/s13722-022-00328-z","Article"
"Digital PR and Communication with B2B Enterprises in the Digital Era","Russian Engineering Research","","42","10","10.3103/S1068798X22100070","L. V. Bulantseva","2022","http://link.springer.com/article/10.3103/S1068798X22100070","Article"
"Implementation of clinical guidelines for osteoarthritis together (IMPACT): protocol for a participatory health research approach to implementing high value care","BMC Musculoskeletal Disorders","","23","1","10.1186/s12891-022-05599-w","Clodagh M. ToomeyNorelee KennedyAnne MacFarlaneLiam GlynnJohn ForbesSoren T. SkouEwa M. Roos","2022","http://link.springer.com/article/10.1186/s12891-022-05599-w","Article"
"Mobility Under the COVID-19 Pandemic: Asymmetric Effects Across Gender and Age","IMF Economic Review","","70","1","10.1057/s41308-021-00149-1","Francesca CaselliFrancesco GrigoliDamiano SandriAntonio Spilimbergo","2022","http://link.springer.com/article/10.1057/s41308-021-00149-1","Article"
"Leadership, politics, and communication: challenges of the epidemiology workforce during emergency response","Human Resources for Health","","20","1","10.1186/s12960-022-00727-y","Amy Elizabeth ParryMartyn D. KirkSamantha ColquhounDavid N. DurrheimTambri Housen","2022","http://link.springer.com/article/10.1186/s12960-022-00727-y","Article"
"Pandemica Panoptica: Biopolitical Management of Viral Spread in the Age of Covid-19","International Journal for the Semiotics of Law - Revue internationale de Sémiotique juridique","","35","3","10.1007/s11196-021-09821-1","Anne WagnerAleksandra MatulewskaSarah Marusek","2022","http://link.springer.com/article/10.1007/s11196-021-09821-1","Article"
"Perspectives of Transgender Women Toward Study Recruitment and Retention: Thematic Analysis from Thailand","Sexuality Research and Social Policy","","19","2","10.1007/s13178-021-00579-6","Pich SeekaewRena JanumnuaysookSita LujintanonPraditporn PongtriangSiriporn NonnoiPiranun HongchookaitSumitr TongmuangPraphan PhanuphakNittaya Phanuphak","2022","http://link.springer.com/article/10.1007/s13178-021-00579-6","Article"
"Addressing misalignments to improve the US health care system by integrating patient-centred care, patient-centred real-world data, and knowledge-sharing: a review and approaches to system alignment","Discover Health Systems","","1","1","10.1007/s44250-022-00012-8","Douglas S. LevineDouglas A. Drossman","2022","http://link.springer.com/article/10.1007/s44250-022-00012-8","Article"
"Care Outcomes for Chiropractic Outpatient Veterans (COCOV): a qualitative study with veteran stakeholders from a pilot trial of multimodal chiropractic care","Pilot and Feasibility Studies","","8","1","10.1186/s40814-021-00962-5","Stacie A. SalsburyElissa TwistRobert B. WallaceRobert D. ViningChristine M. GoertzCynthia R. Long","2022","http://link.springer.com/article/10.1186/s40814-021-00962-5","Article"
"Of Semiotics, the Marginalised and Laws During the Lockdown in India","International Journal for the Semiotics of Law - Revue internationale de Sémiotique juridique","","35","3","10.1007/s11196-021-09878-y","Manwendra K. TiwariSwati Singh Parmar","2022","http://link.springer.com/article/10.1007/s11196-021-09878-y","Article"
"Rising Mental Health Incidence Among Adolescents in Westchester, NY","Community Mental Health Journal","","58","1","10.1007/s10597-021-00788-8","A. Ravishankar RaoSaroja RaoRosy Chhabra","2022","http://link.springer.com/article/10.1007/s10597-021-00788-8","Article"
"Epistemology of the side effect: anecdote and evidence in the digital age","BioSocieties","","","","10.1057/s41292-022-00293-5","Antoine Lentacker","2022","http://link.springer.com/article/10.1057/s41292-022-00293-5","Article"
"Children as an afterthought during COVID-19: defining a child-inclusive ethical framework for pandemic policymaking","BMC Medical Ethics","","23","1","10.1186/s12910-022-00866-w","Sydney CampbellFranco A. Carnevale","2022","http://link.springer.com/article/10.1186/s12910-022-00866-w","Article"
"Municípios in the Time of Covid-19 in Brazil: Socioeconomic Vulnerabilities, Transmission Factors and Public Policies","The European Journal of Development Research","","34","6","10.1057/s41287-021-00487-w","Mireille RazafindrakotoFrançois RoubaudJoão SaboiaMarta Reis CastilhoValeria Pero","2022","http://link.springer.com/article/10.1057/s41287-021-00487-w","Article"
"An Ideological Analysis of the Former President Donald Trump’s Tweets During COVID-19","Corpus Pragmatics","","6","1","10.1007/s41701-021-00113-4","Xue LuoMei HeZhonggen Yu","2022","http://link.springer.com/article/10.1007/s41701-021-00113-4","Article"
"Parents’ mHealth App for Promoting Healthy Eating Behaviors in Children: Feasibility, Acceptability, and Pilot Study","Journal of Medical Systems","","46","11","10.1007/s10916-022-01860-w","Ada Mabel Vázquez-PazRosa María Michel-NavaEdwin Emeth Delgado-PérezMariana Lares-MichelIsmael Edrein Espinosa-Curiel","2022","http://link.springer.com/article/10.1007/s10916-022-01860-w","Article"
"Ophidiomyces ophidiicola detection and infection: a global review on a potential threat to the world’s snake populations","European Journal of Wildlife Research","","68","5","10.1007/s10344-022-01612-8","Matteo R. Di NicolaLuca CoppariTommaso NotomistaDaniele Marini","2022","http://link.springer.com/article/10.1007/s10344-022-01612-8","Article"
"CoQUAD: a COVID-19 question answering dataset system, facilitating research, benchmarking, and practice","BMC Bioinformatics","","23","1","10.1186/s12859-022-04751-6","Shaina RazaBrian SchwartzLaura C. Rosella","2022","http://link.springer.com/article/10.1186/s12859-022-04751-6","Article"
"Representation, mining and analysis of unsafe behaviour based on pan-scene data","Journal of Thermal Analysis and Calorimetry","","","","10.1007/s10973-022-11655-3","Bingqian FanJianting YaoDachen LeiRuipeng Tong","2022","http://link.springer.com/article/10.1007/s10973-022-11655-3","Article"
"Perception, risk factors, and health behaviours in adult obesity in Kolkata, India: a mixed methods approach","BMC Public Health","","22","1","10.1186/s12889-022-14531-9","Somdutta BaruaNandita Saikia","2022","http://link.springer.com/article/10.1186/s12889-022-14531-9","Article"
"Studying patterns and predictors of HIV viral suppression using A Big Data approach: a research protocol","BMC Infectious Diseases","","22","1","10.1186/s12879-022-07047-5","Jiajia ZhangBankole OlatosiXueying YangSharon WeissmanZhenlong LiJianjun HuXiaoming Li","2022","http://link.springer.com/article/10.1186/s12879-022-07047-5","Article"
"An empirical assessment of the factors influencing acceptance of COVID-19 vaccine uptake between Kenyan and Hungarian residing populations: A cross-sectional study","Scientific Reports","","12","1","10.1038/s41598-022-26824-5","John M. MachariaGrace W. GakenyeNóra RozmannDavid OnchongaRuth W. MwangiZsolt KaposztasJohn M. MathengeDorina PusztaiMarton PinterMiklos SugarBence L. Raposa","2022","http://link.springer.com/article/10.1038/s41598-022-26824-5","Article"
"Measuring the effects of misinformation exposure and beliefs on behavioural intentions: a COVID-19 vaccination study","Cognitive Research: Principles and Implications","","7","1","10.1186/s41235-022-00437-y","Constance de Saint LaurentGillian MurphyKaren HegartyCiara M. Greene","2022","http://link.springer.com/article/10.1186/s41235-022-00437-y","Article"
"COVID-19 forecasts using Internet search information in the United States","Scientific Reports","","12","1","10.1038/s41598-022-15478-y","Simin MaShihao Yang","2022","http://link.springer.com/article/10.1038/s41598-022-15478-y","Article"
"Evidence-Based Policymaking in Times of Acute Crisis: Comparing the Use of Scientific Knowledge in Germany, Switzerland, and Italy","Politische Vierteljahresschrift","","63","2","10.1007/s11615-022-00382-x","Susanne HadornFritz SagerCéline MavrotAnna MalandrinoJörn Ege","2022","http://link.springer.com/article/10.1007/s11615-022-00382-x","Article"
"Mapping the Role and Impact of Artificial Intelligence and Machine Learning Applications in Supply Chain Digital Transformation: A Bibliometric Analysis","Operations Management Research","","","","10.1007/s12063-022-00335-y","Jeetu RanaYash Daultani","2022","http://link.springer.com/article/10.1007/s12063-022-00335-y","Article"
"Quo vadis artificial intelligence?","Discover Artificial Intelligence","","2","1","10.1007/s44163-022-00022-8","Yuchen JiangXiang LiHao LuoShen YinOkyay Kaynak","2022","http://link.springer.com/article/10.1007/s44163-022-00022-8","Article"
"Assessing Response Readiness to Health Emergencies: A Spatial Evaluation of Health and Socio-Economic Justice in Pakistan","Social Indicators Research","","","","10.1007/s11205-022-02922-9","Muhammad SajjadSyed Hassan RazaAsad Abbas Shah","2022","http://link.springer.com/article/10.1007/s11205-022-02922-9","Article"
"This time is different?—on the use of emergency measures during the corona pandemic","European Journal of Law and Economics","","54","1","10.1007/s10657-021-09706-5","Christian BjørnskovStefan Voigt","2022","http://link.springer.com/article/10.1007/s10657-021-09706-5","Article"
"COVID-19 Conspiracies, Trust in Authorities, and Duty to Comply with Social Distancing Restrictions","International Criminology","","2","1","10.1007/s43576-021-00042-x","Kristina MurphyMolly McCarthyElise SargeantHarley Williamson","2022","http://link.springer.com/article/10.1007/s43576-021-00042-x","Article"
"The “Great Lockdown” and cultural consumption in the UK","Journal of Cultural Economics","","","","10.1007/s10824-022-09463-6","Hasan BakhshiSalvatore Di NovoGiorgio Fazio","2022","http://link.springer.com/article/10.1007/s10824-022-09463-6","Article"
"A comprehensive review on COVID-19 vaccines: development, effectiveness, adverse effects, distribution and challenges","VirusDisease","","33","1","10.1007/s13337-022-00755-1","Md. Mijanur RahmanMd. Habib Ullah MasumShah WajedAsma Talukder","2022","http://link.springer.com/article/10.1007/s13337-022-00755-1","Article"
"Emergency online school learning during COVID-19 lockdown: A qualitative study of adolescents’ experiences in Italy","Current Psychology","","","","10.1007/s12144-021-02674-8","Iana TzankovaChristian CompareDaniela MarzanaAntonella GuarinoImmacolata Di NapoliAlessia RochiraEmanuela CalandriIrene BarbieriFortuna ProcenteseFlora GattiElena MartaAngela FediGiovanni AresiCinzia Albanesi","2022","http://link.springer.com/article/10.1007/s12144-021-02674-8","Article"
"Collaborative adoption of blockchain technology: A supply chain contract perspective","Frontiers of Engineering Management","","","","10.1007/s42524-022-0239-8","Weihua LiuXinyu LiuXiaoran ShiJiahe HouVictor ShiJingxin Dong","2022","http://link.springer.com/article/10.1007/s42524-022-0239-8","Article"
"Opinion classification at subtopic level from COVID vaccination-related tweets","Innovations in Systems and Software Engineering","","","","10.1007/s11334-022-00516-9","Mrinmoy SadhukhanPramita BhattacherjeeTamal MondalSudakshina DasguptaIndrajit Bhattacharya","2022","http://link.springer.com/article/10.1007/s11334-022-00516-9","Article"
"Using the Meaningful Involvement of People Living with HIV/AIDS (MIPA) Framework to Assess the Engagement of Sexual Minority Men of Color in the US HIV Response: a Literature Review","Journal of Racial and Ethnic Health Disparities","","","","10.1007/s40615-022-01417-0","Jordan Lee ColemanMickaya JonesDejuan WashingtonEllen AlmirolPeter ForbergTyphanye V. DyerAndrew SpieldennerOmar MartinezCarlos E. Rodriguez-DiazSharon D. ParkerJohn A. SchneiderRussell Brewer","2022","http://link.springer.com/article/10.1007/s40615-022-01417-0","Article"
"A profile analysis of problematic smartphone usage among college students during coronavirus disease 2019: Relations with the impact of news reports","Current Psychology","","","","10.1007/s12144-022-03896-0","Yaru ChenQisheng ZhanBuzohre EliYuqing ZhaoXin HuangZhengkui Liu","2022","http://link.springer.com/article/10.1007/s12144-022-03896-0","Article"
"Current clinical status of new COVID-19 vaccines and immunotherapy","Environmental Science and Pollution Research","","29","47","10.1007/s11356-022-22661-1","Diksha NagpalShakti NagpalDeepak KaushikHimanshu Kathuria","2022","http://link.springer.com/article/10.1007/s11356-022-22661-1","Article"
"It Takes a Village to Trust Science: Towards a (Thoroughly) Social Approach to Public Trust in Science","Erkenntnis","","","","10.1007/s10670-021-00485-8","Gabriele Contessa","2022","http://link.springer.com/article/10.1007/s10670-021-00485-8","Article"
"Forbidding your cake and eating it too: health performance strategies in U.S. middle class families","Social Theory & Health","","20","3","10.1057/s41285-021-00160-6","Laurel GrahamJennifer FriedmanXamil Vega","2022","http://link.springer.com/article/10.1057/s41285-021-00160-6","Article"
"Spatial machine learning: new opportunities for regional science","The Annals of Regional Science","","68","3","10.1007/s00168-021-01101-x","Katarzyna Kopczewska","2022","http://link.springer.com/article/10.1007/s00168-021-01101-x","Article"
"Providing metabolomics education and training: pedagogy and considerations","Metabolomics","","18","12","10.1007/s11306-022-01957-w","Catherine L. WinderMichael WittingFidele TugizimanaWarwick B. DunnStacey N. Reinke","2022","http://link.springer.com/article/10.1007/s11306-022-01957-w","Article"
"The “flat peer learning” agent-based model","Journal of Computational Social Science","","5","1","10.1007/s42001-021-00120-0","Philippe Collard","2022","http://link.springer.com/article/10.1007/s42001-021-00120-0","Article"
"Investigating the current environmental situation in the Middle East and North Africa (MENA) region during the third wave of COVID-19 pandemic: urban vs. rural context","BMC Public Health","","22","1","10.1186/s12889-021-12313-3","Mohamed AbouzidDina M. El-SherifYahya Al NaggarMohammed M. AlshehriShaima AlothmanHesham R. El-SeediRayhana TrabelsiOsama Mohamed IbrahimEsraa Hamouda TemrazAhmad BuimsaedahIbrahim Adel AzizMuhammad AlwanNuha Hadi Jasim Al HasanHeba Nasser RagabAbdullah Muhammed KoraiemMareb H. Ahmed","2022","http://link.springer.com/article/10.1186/s12889-021-12313-3","Article"