Item Title,Publication Title,Book Series Title,Journal Volume,Journal Issue,Item DOI,Authors,Publication Year,URL,Content Type
"Tracking Misleading News of COVID-19 Within Social Media","Soft Computing and Signal Processing","","","","10.1007/978-981-16-7088-6_8","Mahboob MassoudiRahul Katarya","2022","http://link.springer.com/chapter/10.1007/978-981-16-7088-6_8","Chapter"
"Topic Modeling for Tracking COVID-19 Communication on Twitter","Information and Software Technologies","","","","10.1007/978-3-031-16302-9_19","Petar Kristijan BogovićAna MeštrovićSanda Martinčić-Ipšić","2022","http://link.springer.com/chapter/10.1007/978-3-031-16302-9_19","Chapter"
"As Time Goes By: Temporal Characteristics of Social Media and Information Objective-Subjective Tensions in Crisis Communication","Co-creating for Context in the Transfer and Diffusion of IT","","","","10.1007/978-3-031-17968-6_20","Deborah BunkerMaryam ShahbaziChristian EhnisTania C Sorrell","2022","http://link.springer.com/chapter/10.1007/978-3-031-17968-6_20","Chapter"
"Public Reaction on Social Media During COVID-19: A Comparison Between Twitter and Weibo","Intelligent Computing","","","","10.1007/978-3-030-80119-9_38","Tian WangIan BrooksMasooda Bashir","2022","http://link.springer.com/chapter/10.1007/978-3-030-80119-9_38","Chapter"
"Enhancing Self-protection: What Influences Human’s Epidemic Prevention Behavior during the COVID-19 Pandemic","Distributed, Ambient and Pervasive Interactions. Smart Living, Learning, Well-being and Health, Art and Creativity","","","","10.1007/978-3-031-05431-0_23","Liqiang XuYuuki NishiyamaKaoru Sezaki","2022","http://link.springer.com/chapter/10.1007/978-3-031-05431-0_23","Chapter"
"The Use of Mixed-Reality Sport Platforms in Social Media Sentiment Analysis during COVID-19","Perspectives in Business Informatics Research","","","","10.1007/978-3-031-16947-2_12","László DömökSzabina Fodor","2022","http://link.springer.com/chapter/10.1007/978-3-031-16947-2_12","Chapter"
"Assistive Technology for Active Ageing: The NATIFLife Project","Ambient Assisted Living","","","","10.1007/978-3-031-08838-4_3","Bruno AndòSalvatore BaglioSalvatore CastorinaRuben CrispinoVincenzo MarlettaGiovanni MuscatoLuca PorcaroSebastiano SalupoCarl J. DebonoNadia Theuma","2022","http://link.springer.com/chapter/10.1007/978-3-031-08838-4_3","Chapter"
"Deep Learning and Social Media for Managing Disaster: Survey","Intelligent Systems and Applications","","","","10.1007/978-3-030-82193-7_2","Zair BouzidiAbdelmalek BoudriesMourad Amad","2022","http://link.springer.com/chapter/10.1007/978-3-030-82193-7_2","Chapter"
"Constructing Dynamic Scenarios of Crime Risk Exposure. A Methodological Proposal Based on Geo-Social Media Data","Geomatics for Green and Digital Transition","","","","10.1007/978-3-031-17439-1_11","Francesca CoppolaMichele GrimaldiIsidoro Fasolino","2022","http://link.springer.com/chapter/10.1007/978-3-031-17439-1_11","Chapter"
"Secure COVID-19 Treatment with Blockchain and IoT-Based Framework","Intelligent Sustainable Systems","","","","10.1007/978-981-16-6369-7_70","Garima JainGarima ShuklaPriyanka SainiAnubha GaurDivya MishraShyam Akashe","2022","http://link.springer.com/chapter/10.1007/978-981-16-6369-7_70","Chapter"
"Cyber Security Challenges in the Latest Technology","Proceedings of Third International Conference on Communication, Computing and Electronics Systems","","","","10.1007/978-981-16-8862-1_43","Manjot Kaur","2022","http://link.springer.com/chapter/10.1007/978-981-16-8862-1_43","Chapter"
"Digital Technologies of the Self: Instrumental Rationality or Creative Integrity?","Technology, Innovation and Creativity in Digital Society","","","","10.1007/978-3-030-89708-6_13","Andrey A. IvanovAnton A. IvanovYana S. Ivashchenko","2022","http://link.springer.com/chapter/10.1007/978-3-030-89708-6_13","Chapter"
"Machine Learning Approaches and Particle Swarm Optimization Based Clustering for the Human Monkeypox Viruses: A Study","Innovations in Intelligent Computing and Communication","","","","10.1007/978-3-031-23233-6_24","Akshaya Kumar MandalPankaj Kumar Deva SarmaSatchidananda Dehuri","2022","http://link.springer.com/chapter/10.1007/978-3-031-23233-6_24","Chapter"
"Application and Uses of Big Data Analytics in Different Domain","Machine Intelligence and Data Science Applications","","","","10.1007/978-981-19-2347-0_38","Abhineet AnandNaresh Kumar TrivediMd Abdul WassayYousef AlSaudShikha Maheshwari","2022","http://link.springer.com/chapter/10.1007/978-981-19-2347-0_38","Chapter"
"Detecting Early Warning Indicators of Covid-19 Pandemic in the Context of United States: An Exploratory Data Analysis","HCI International 2022 – Late Breaking Posters","","","","10.1007/978-3-031-19679-9_49","Md Morshed Jaman AdnanKnut HinkelmannEmanuele Laurenzi","2022","http://link.springer.com/chapter/10.1007/978-3-031-19679-9_49","Chapter"
"Smart Technologies to Reduce the Spreading of COVID-19: A Survey Study","Proceedings of the International Conference on Intelligent Vision and Computing (ICIVC 2021)","","","","10.1007/978-3-030-97196-0_21","Abdul Cader Mohamed NafreesP. PirapurajM. S. M. RazeethR. K. A. R. KariapperSamsudeen Sabraz Nawaz","2022","http://link.springer.com/chapter/10.1007/978-3-030-97196-0_21","Chapter"
"An Integration of AI, Blockchain and IoT Technologies for Combating Covid-19","Emergent Converging Technologies and Biomedical Systems","","","","10.1007/978-981-16-8774-7_15","K. Ashok KumarVanga Karunakar ReddyA. Narmada","2022","http://link.springer.com/chapter/10.1007/978-981-16-8774-7_15","Chapter"
"Social Relations Under the Covid-19 Epidemic: Government Policies, Media Statements and Public Moods","AI and Analytics for Public Health","","","","10.1007/978-3-030-75166-1_27","WangzheZhongxiao ZhangQianru TaoNan YeRunjie Xu","2022","http://link.springer.com/chapter/10.1007/978-3-030-75166-1_27","Chapter"
"COVID-19 Pandemic: Review on Emerging Technology Involvement with Cloud Computing","Communication and Intelligent Systems","","","","10.1007/978-981-19-2130-8_18","K. Anushka XavierS. L. ChetradeveeN. Jayapandian","2022","http://link.springer.com/chapter/10.1007/978-981-19-2130-8_18","Chapter"
"An Evaluation System of One-Stop Smart City App Performance Based on ANP","Distributed, Ambient and Pervasive Interactions. Smart Environments, Ecosystems, and Cities","","","","10.1007/978-3-031-05463-1_17","Bingqian ZhangSiyuan WuGuochao Peng","2022","http://link.springer.com/chapter/10.1007/978-3-031-05463-1_17","Chapter"
"Building Digital Resilience to Combat Pandemics: Comparison of South Korea, Sri Lanka and Rwanda","Freedom and Social Inclusion in a Connected World","","","","10.1007/978-3-031-19429-0_18","Pamod M. AmarakoonJørn A. BraaKyung Ryul ParkSundeep SahayAndrew Muhire","2022","http://link.springer.com/chapter/10.1007/978-3-031-19429-0_18","Chapter"
"Sentiment Analysis on COVID-19 Tweets","International Conference on Managing Business Through Web Analytics","","","","10.1007/978-3-031-06971-0_28","Soraya SedkaouiMounia KhelfaouiOuakli Keltoum","2022","http://link.springer.com/chapter/10.1007/978-3-031-06971-0_28","Chapter"
"Deep Learning-Based Automated Learning Environment Using Smart Data to Improve Corporate Marketing, Business Strategies, Fraud Detection in Financial Services, and Financial Time Series Forecasting","International Conference on Managing Business Through Web Analytics","","","","10.1007/978-3-031-06971-0_26","Zair BouzidiMourad AmadAbdelmalek Boudries","2022","http://link.springer.com/chapter/10.1007/978-3-031-06971-0_26","Chapter"
"A Computer Vision Toolkit for Adapting to a COVID-19 Lifestyle","Advances in Information and Communication","","","","10.1007/978-3-030-98012-2_48","Akshat BajpaiJinzhu Gao","2022","http://link.springer.com/chapter/10.1007/978-3-030-98012-2_48","Chapter"
"Study on the Dilemma and Countermeasures of Rural Emergency Management Under COVID-19—A Case Analysis Based on the Rural Areas Around Chengdu","Proceedings of the Sixteenth International Conference on Management Science and Engineering Management – Volume 2","","","","10.1007/978-3-031-10385-8_51","Min WuRui ChenZihan HuXiangao ZhangYuanyuan ChenLanqing Liang","2022","http://link.springer.com/chapter/10.1007/978-3-031-10385-8_51","Chapter"
"Twitter Flu Trend: A Hybrid Deep Neural Network for Tweet Analysis","Artificial Intelligence XXXIX","","","","10.1007/978-3-031-21441-7_3","Mahsa Abazari KiaFatemeh Ebrahimi Khaksefidi","2022","http://link.springer.com/chapter/10.1007/978-3-031-21441-7_3","Chapter"
"Sentiment Analysis of Covid-19 Tweets Using Machine Learning and Natural Language Processing","Proceedings of Third International Conference on Intelligent Computing, Information and Control Systems","","","","10.1007/978-981-16-7330-6_28","Suvarna G. KanakaraddiAshok K. ChikaraddiNandeesh AivalliJawaad ManiyarNeelendra Singh","2022","http://link.springer.com/chapter/10.1007/978-981-16-7330-6_28","Chapter"
"Open Innovation within Life Sciences: Industry-Specific Challenges and How to Improve Interaction with External Ecosystems","Social Computing and Social Media: Design, User Experience and Impact","","","","10.1007/978-3-031-05061-9_42","Niclas KrögerMaximilian RappChristoph Janach","2022","http://link.springer.com/chapter/10.1007/978-3-031-05061-9_42","Chapter"
"An Analysis of the Psychological Implications of COVID-19 Pandemic on Undergraduate Students and Efforts on Mitigation","Advanced Computing","","","","10.1007/978-3-030-95502-1_11","Shreyas Suresh RaoK. PushpalathaR. SapnaH. G. Monika Rani","2022","http://link.springer.com/chapter/10.1007/978-3-030-95502-1_11","Chapter"
"Influenza-Like Illness Patients Forecasting by Fusing Internet Public Opinion","Frontier Computing","","","","10.1007/978-981-16-8052-6_15","Yu-Chih WeiYan-Ling OuJianqiang LiWei-Chen Wu","2022","http://link.springer.com/chapter/10.1007/978-981-16-8052-6_15","Chapter"
"Natural Disaster Prediction by Using Image Based Deep Learning and Machine Learning","Second International Conference on Image Processing and Capsule Networks","","","","10.1007/978-3-030-84760-9_6","Angela Maria VinodDharathi VenkateshDishti KundraN. Jayapandian","2022","http://link.springer.com/chapter/10.1007/978-3-030-84760-9_6","Chapter"
"Finding Noisy Data in Social Websites Based on Semantic-Enhanced Method","ICCCE 2021","","","","10.1007/978-981-16-7985-8_105","G. Teja Sai RaghavaB. B. V. Satya Vara PrasadA. Tarun GopiD. Bhavani Sathvika","2022","http://link.springer.com/chapter/10.1007/978-981-16-7985-8_105","Chapter"
"Machine Learning in Healthcare: Current Trends and the Future","International Conference on Artificial Intelligence for Smart Community","","","","10.1007/978-981-16-2183-3_64","Usman Ahmad UsmaniJafreezal Jaafar","2022","http://link.springer.com/chapter/10.1007/978-981-16-2183-3_64","Chapter"
"Applications of Open Source Intelligence in Crisis Analysis—A COVID-19 Case Study","ICT Systems and Sustainability","","","","10.1007/978-981-16-5987-4_32","A. K. BuvanasriR. MeenakshiS. Karthika","2022","http://link.springer.com/chapter/10.1007/978-981-16-5987-4_32","Chapter"
"A Deep Dive into the China’s Gen Z: How They Use and What They Expect for Their Cars","HCI in Mobility, Transport, and Automotive Systems","","","","10.1007/978-3-031-04987-3_11","Qihao HuangGuanyu MaoYelu LiuYa WangXiaojun LuoJifang Wang","2022","http://link.springer.com/chapter/10.1007/978-3-031-04987-3_11","Chapter"
"IoT Devices for Detecting and Machine Learning for Predicting COVID-19 Outbreak","Recent Trends in Communication and Intelligent Systems","","","","10.1007/978-981-19-1324-2_12","Shams Tabrez SiddiquiAnjani Kumar SinghaMd Oqail AhmadMohammad KhamruddinRiaz Ahmad","2022","http://link.springer.com/chapter/10.1007/978-981-19-1324-2_12","Chapter"
"Digital Campaigning: Challenges for Older Bulgarian Electorate","Human Aspects of IT for the Aged Population. Design, Interaction and Technology Acceptance","","","","10.1007/978-3-031-05581-2_28","Lilia RaychevaAndreana EftimovaNeli VelinovaLora Metanova","2022","http://link.springer.com/chapter/10.1007/978-3-031-05581-2_28","Chapter"
"Machine Learning for Health Care: Challenges, Controversies, and Its Applications","Soft Computing: Theories and Applications","","","","10.1007/978-981-19-0707-4_24","Vijeta KumawatB. UmamaheswariPriyanka MitraGeerija Lavania","2022","http://link.springer.com/chapter/10.1007/978-981-19-0707-4_24","Chapter"
"Fostering Smart Cities and Smart Governance Using Cloud Computing Architecture","Intelligent Sustainable Systems","","","","10.1007/978-981-19-2894-9_36","Lubna AnsariM. Afshar AlamMohd Abdul AhadMd. Tabrez Nafis","2022","http://link.springer.com/chapter/10.1007/978-981-19-2894-9_36","Chapter"
"Web Analytics: How VisitingJogja.com Used in Tourism Recovery Due to the COVID-19 Pandemic","HCI International 2022 Posters","","","","10.1007/978-3-031-06391-6_53","Delila Putri SadayiAchmad NurmandiIsnaini MuallidinEko Priyo PurnomoDanang Kurniawan","2022","http://link.springer.com/chapter/10.1007/978-3-031-06391-6_53","Chapter"
"Problems of Migration Management in the Conditions of Global Digitalization of Society","Electronic Governance and Open Society: Challenges in Eurasia","","","","10.1007/978-3-031-04238-6_14","Olga B. SkorodumovaIbragim M. MelikovRufat S. Tabasaranskiy","2022","http://link.springer.com/chapter/10.1007/978-3-031-04238-6_14","Chapter"
"Unmasking the Masked Face Using Zero-Shot Learning","Advanced Network Technologies and Intelligent Computing","","","","10.1007/978-3-030-96040-7_43","Pranjali SinghAmritpal Singh","2022","http://link.springer.com/chapter/10.1007/978-3-030-96040-7_43","Chapter"
"French COVID-19 Tweets Classification Using FlauBERT Layers","Congress on Intelligent Systems","","","","10.1007/978-981-16-9416-5_59","Sadouanouan MaloThierry Roger BayalaZakaria Kinda","2022","http://link.springer.com/chapter/10.1007/978-981-16-9416-5_59","Chapter"
"Policy Responses to Climate Change: Lessons from Covid and Other Historical Crises","Mitigating Climate Change","","","","10.1007/978-3-030-92148-4_7","Timothy C. LeechBeth-Anne Schuelke-Leech","2022","http://link.springer.com/chapter/10.1007/978-3-030-92148-4_7","Chapter"
"Information Extraction and Sentiment Analysis to Gain Insight into the COVID-19 Crisis","International Conference on Innovative Computing and Communications","","","","10.1007/978-981-16-2594-7_28","Sandhya AvasthiRitu ChauhanDebi Prasanna Acharjya","2022","http://link.springer.com/chapter/10.1007/978-981-16-2594-7_28","Chapter"
"An Overview of Augmenting AI Application in Healthcare","Computer Networks, Big Data and IoT","","","","10.1007/978-981-19-0898-9_31","Aarthy ChellasamyAishwarya Nagarathinam","2022","http://link.springer.com/chapter/10.1007/978-981-19-0898-9_31","Chapter"
"Design and Implementation of Weibo Public Opinion Analysis System","Proceedings of the 12th International Conference on Computer Engineering and Networks","","","","10.1007/978-981-19-6901-0_124","Jiacheng QiXiaoqian LiuMing YuanHaiyan Gu","2022","http://link.springer.com/chapter/10.1007/978-981-19-6901-0_124","Chapter"
"Deep Learning Models for Identification of COVID-19 Using CT Images","Soft Computing: Theories and Applications","","","","10.1007/978-981-19-0707-4_52","Ch Ravi KishoreRambabu PemulaS. Vijaya KumarKaru Prasada RaoS. Chandra Sekhar","2022","http://link.springer.com/chapter/10.1007/978-981-19-0707-4_52","Chapter"
"A Reflection Case to Covid-19 Pandemic: Online Learning Experience","Applied Degree Education and the Future of Learning","","","","10.1007/978-981-16-9812-5_17","Will W. K. Ma","2022","http://link.springer.com/chapter/10.1007/978-981-16-9812-5_17","Chapter"
"Adding Supply/Demand Imbalance-Sensitivity to Simple Automated Trader-Agents","Agents and Artificial Intelligence","","","","10.1007/978-3-031-10161-8_15","Dave CliffZhen ZhangNathan Taylor","2022","http://link.springer.com/chapter/10.1007/978-3-031-10161-8_15","Chapter"
"Crisis Response Strategies: A Comparison Between New Zealand and Croatia in Responding to Covid-19 Crisis During First Wave of Crisis","Financial Technology (FinTech), Entrepreneurship, and Business Development","","","","10.1007/978-3-031-08087-6_26","Manimegalai AmbikapathyNurul Syafinaz","2022","http://link.springer.com/chapter/10.1007/978-3-031-08087-6_26","Chapter"