Item Title,Publication Title,Book Series Title,Journal Volume,Journal Issue,Item DOI,Authors,Publication Year,URL,Content Type
"Bi-directional Long Short-Term Memory Network for Fake News Detection from Social Media","Intelligent and Cloud Computing","","","","10.1007/978-981-16-9873-6_42","Suprakash SamantarayAbhinav Kumar","2022","http://link.springer.com/chapter/10.1007/978-981-16-9873-6_42","Chapter"
"Government, Digital Society and Industry 4.0: Connective Action Against Covid-19 Fake News","Digital Technologies and Applications","","","","10.1007/978-3-031-01942-5_48","Andi Luhur PriantoIhyani MalikNur KhaerahAbdillah AbdillahKittisak Jermsittiparsert","2022","http://link.springer.com/chapter/10.1007/978-3-031-01942-5_48","Chapter"
"Machine Learning Based Fake News Detection on Covid-19 Tweets Data","Proceedings of International Conference on Computational Intelligence and Data Engineering","","","","10.1007/978-981-16-7182-1_8","Vishesh MehtaRam Krishn Mishra","2022","http://link.springer.com/chapter/10.1007/978-981-16-7182-1_8","Chapter"
"Health Fake News in the Covid-19 Pandemic in Brazil","Electronic Government","","","","10.1007/978-3-031-15086-9_11","Ana Paula TavaresLuiz Antonio JoiaMarcelo Fornazin","2022","http://link.springer.com/chapter/10.1007/978-3-031-15086-9_11","Chapter"
"Tracking Misleading News of COVID-19 Within Social Media","Soft Computing and Signal Processing","","","","10.1007/978-981-16-7088-6_8","Mahboob MassoudiRahul Katarya","2022","http://link.springer.com/chapter/10.1007/978-981-16-7088-6_8","Chapter"
"Mining Social Networks for Dissemination of Fake News Using Continuous Opinion-Based Hybrid Model","Advanced Data Mining and Applications","","","","10.1007/978-3-030-95405-5_16","Maneet SinghS. R. S. IyengarRishemjit Kaur","2022","http://link.springer.com/chapter/10.1007/978-3-030-95405-5_16","Chapter"
"v3MFND: A Deep Multi-domain Multimodal Fake News Detection Model for Vietnamese","Intelligent Information and Database Systems","","","","10.1007/978-3-031-21743-2_49","Cam-Van Nguyen ThiThanh-Toan VuongDuc-Trong LeQuang-Thuy Ha","2022","http://link.springer.com/chapter/10.1007/978-3-031-21743-2_49","Chapter"
"Comparison of Different Machine Learning Methods to Detect Fake News","Innovations in Bio-Inspired Computing and Applications","","","","10.1007/978-3-030-96299-9_7","Tanishka BadheJanhavi BordeVaishnavi ThakurBhagyashree WaghmareAnagha Chaudhari","2022","http://link.springer.com/chapter/10.1007/978-3-030-96299-9_7","Chapter"
"COVID-19 Fake News Detection by Improved Ant Lion Optimizer Metaheuristics","Artificial Intelligence and Sustainable Computing","","","","10.1007/978-981-19-1653-3_35","Miodrag ZivkovicNebojsa BacaninJelena ArandjelovicStefan StanojlovicAndjela RakicK. Venkatachalam","2022","http://link.springer.com/chapter/10.1007/978-981-19-1653-3_35","Chapter"
"Fake News Detection Based on Attention Mechanism and Convolutional Neural Network","Artificial Intelligence in China","","","","10.1007/978-981-16-9423-3_31","Fei WangHaijun ZhangRui ChengPengxu Wang Rongrong Xu","2022","http://link.springer.com/chapter/10.1007/978-981-16-9423-3_31","Chapter"
"Bengali Fake News Detection: Transfer Learning Based Technique with Masked LM Process by BERT","Information, Communication and Computing Technology","","","","10.1007/978-3-031-20977-2_7","Sourav SahaAditi SarkerPartha ChakrabortyMohammad Abu Yousuf","2022","http://link.springer.com/chapter/10.1007/978-3-031-20977-2_7","Chapter"
"Fakepedia Corpus: A Flexible Fake News Corpus in Portuguese","Computational Processing of the Portuguese Language","","","","10.1007/978-3-030-98305-5_4","Anderson Cordeiro CharlesLivia RubackJonice Oliveira","2022","http://link.springer.com/chapter/10.1007/978-3-030-98305-5_4","Chapter"
"Profiling Fake News: Learning the Semantics and Characterisation of Misinformation","Advanced Data Mining and Applications","","","","10.1007/978-3-030-95405-5_15","Swati AgarwalAdithya Samavedhi","2022","http://link.springer.com/chapter/10.1007/978-3-030-95405-5_15","Chapter"
"Characterizing Fake News: A Conceptual Modeling-based Approach","Conceptual Modeling","","","","10.1007/978-3-031-17995-2_9","Nicolas BelloirWassila OuerdaneOscar Pastor","2022","http://link.springer.com/chapter/10.1007/978-3-031-17995-2_9","Chapter"
"As Time Goes By: Temporal Characteristics of Social Media and Information Objective-Subjective Tensions in Crisis Communication","Co-creating for Context in the Transfer and Diffusion of IT","","","","10.1007/978-3-031-17968-6_20","Deborah BunkerMaryam ShahbaziChristian EhnisTania C Sorrell","2022","http://link.springer.com/chapter/10.1007/978-3-031-17968-6_20","Chapter"
"Activator-Inhibitor Model for Describing Interactions Between Fake News and Their Corrections","Complex Networks & Their Applications X","","","","10.1007/978-3-030-93413-2_5","Masaki AidaAyako Hashizume","2022","http://link.springer.com/chapter/10.1007/978-3-030-93413-2_5","Chapter"
"Social Media During the COVID-19 and Vaccine Hesitancy Among People","Future of Work and Business in Covid-19 Era","","","","10.1007/978-981-19-0357-1_10","Amir Hafizullah KhanRijuta JoshiKimsy Gulhane","2022","http://link.springer.com/chapter/10.1007/978-981-19-0357-1_10","Chapter"
"Examining the Role of Social Media in Emergency Healthcare Communication: A Bibliometric Approach","Co-creating for Context in the Transfer and Diffusion of IT","","","","10.1007/978-3-031-17968-6_21","Keshav DhirPrabhsimran SinghYogesh K. DwivediSargun SawhneyRavinder Singh Sawhney","2022","http://link.springer.com/chapter/10.1007/978-3-031-17968-6_21","Chapter"
"Classification of COVID-19 Tweets Using Deep Learning Classifiers","Proceedings of International Conference on Recent Trends in Computing","","","","10.1007/978-981-16-7118-0_19","M. Deva PriyaM. SaranyaN. SharahaS. Tamizharasi","2022","http://link.springer.com/chapter/10.1007/978-981-16-7118-0_19","Chapter"
"NLP Integrated Hybrid Model of Semi-Supervised and Supervised Learning for Online Misinformation Classification","City, Society, and Digital Transformation","","","","10.1007/978-3-031-15644-1_33","Partha MukherjeeDeeksha JoshiYouakim BadrRaghvinder SangwanSatish Srinivasan","2022","http://link.springer.com/chapter/10.1007/978-3-031-15644-1_33","Chapter"
"The SEPNS Model of Rumor Propagation in Social Networks","Pervasive Computing and Social Networking","","","","10.1007/978-981-16-5640-8_52","Greeshma N. GopalG. SreeragBinsu C. Kovoor","2022","http://link.springer.com/chapter/10.1007/978-981-16-5640-8_52","Chapter"
"News Consumption and Sharing Behaviors of Individuals in the Post-truth Era","Information Literacy in a Post-Truth Era","","","","10.1007/978-3-030-99885-1_2","Yurdagül Ünalİpek ŞencanSerap Kurbanoğlu","2022","http://link.springer.com/chapter/10.1007/978-3-030-99885-1_2","Chapter"
"Using Artificial Neural Networks to Identify COVID-19 Misinformation","Disinformation in Open Online Media","","","","10.1007/978-3-031-18253-2_2","Loay AlajramyRadi Jarrar","2022","http://link.springer.com/chapter/10.1007/978-3-031-18253-2_2","Chapter"
"Co-F I N D: LSTM Based Adaptive Recurrent Neural Network for CoVID-19 Fraud Index Detection","Third International Conference on Image Processing and Capsule Networks","","","","10.1007/978-3-031-12413-6_37","Anika AnjumMumenunnessa KeyaAbu Kaisar Mohammad MasumSharun Akter KhushbuSheak Rashed Haider Noori","2022","http://link.springer.com/chapter/10.1007/978-3-031-12413-6_37","Chapter"
"A Framework to Restrict COVID-19 like Epidemic Converting to Pandemic Using Blockchain","Sustainable Advanced Computing","","","","10.1007/978-981-16-9012-9_42","Faraz MasoodArman Rasool Faridi","2022","http://link.springer.com/chapter/10.1007/978-981-16-9012-9_42","Chapter"
"COVID-19-Related Information Classification: A Case Study Based on Algerian Online Discussion","International Conference on Managing Business Through Web Analytics","","","","10.1007/978-3-031-06971-0_14","Benfredj RimaBouziane AbderraoufNouioua Farid","2022","http://link.springer.com/chapter/10.1007/978-3-031-06971-0_14","Chapter"
"Data-Based Automatic Covid-19 Rumors Detection in Social Networks","Networking, Intelligent Systems and Security","","","","10.1007/978-981-16-3637-0_57","Bolaji BamiroIsmail Assayad","2022","http://link.springer.com/chapter/10.1007/978-981-16-3637-0_57","Chapter"
"Digital Information Seeking and Sharing Behaviour During the COVID-19 Pandemic in Pakistan","Disinformation in Open Online Media","","","","10.1007/978-3-031-18253-2_4","Mehk FatimaAimal RextinMehwish NasimOsman Yusuf","2022","http://link.springer.com/chapter/10.1007/978-3-031-18253-2_4","Chapter"
"Older Adults and Communication Technologies During the Lockdown in Romania","Human Aspects of IT for the Aged Population. Design, Interaction and Technology Acceptance","","","","10.1007/978-3-031-05581-2_27","Luminiţa-Anda MandacheLoredana Ivan","2022","http://link.springer.com/chapter/10.1007/978-3-031-05581-2_27","Chapter"
"Rumor Detection in Social Network via Influence Based on Bi-directional Graph Convolutional Network","Web Information Systems Engineering – WISE 2022","","","","10.1007/978-3-031-20891-1_20","Lifu ChenJunhua FangPingfu ChaoAn LiuPengpeng Zhao","2022","http://link.springer.com/chapter/10.1007/978-3-031-20891-1_20","Chapter"
"A Statistical Study for Optimizing the Challenges in Vaccine Supply Chain During Critical Times Using DEMATEL Method","Advances in Mechanical Engineering and Technology","","","","10.1007/978-981-16-9613-8_39","Mukul SuriPriyam SrivastavAbhishek DhimanM. Shuaib","2022","http://link.springer.com/chapter/10.1007/978-981-16-9613-8_39","Chapter"
"A Theoretical Analysis on Health-Related Twitter Information During the First Philippine COVID-19 Lockdown","Proceedings of the Future Technologies Conference (FTC) 2021, Volume 2","","","","10.1007/978-3-030-89880-9_29","Ronina C. TayuanChristine Diane L. Ramos","2022","http://link.springer.com/chapter/10.1007/978-3-030-89880-9_29","Chapter"
"Digital Campaigning: Challenges for Older Bulgarian Electorate","Human Aspects of IT for the Aged Population. Design, Interaction and Technology Acceptance","","","","10.1007/978-3-031-05581-2_28","Lilia RaychevaAndreana EftimovaNeli VelinovaLora Metanova","2022","http://link.springer.com/chapter/10.1007/978-3-031-05581-2_28","Chapter"
"COS2: Detecting Large-Scale COVID-19 Misinformation in Social Networks","Cloud Computing – CLOUD 2021","","","","10.1007/978-3-030-96326-2_7","Hailu XuMacro CurciSophanna EkPinchao LiuZhengxiong LiShuai Xu","2022","http://link.springer.com/chapter/10.1007/978-3-030-96326-2_7","Chapter"
"Information Extraction and Sentiment Analysis to Gain Insight into the COVID-19 Crisis","International Conference on Innovative Computing and Communications","","","","10.1007/978-981-16-2594-7_28","Sandhya AvasthiRitu ChauhanDebi Prasanna Acharjya","2022","http://link.springer.com/chapter/10.1007/978-981-16-2594-7_28","Chapter"
"Topic Modeling for Tracking COVID-19 Communication on Twitter","Information and Software Technologies","","","","10.1007/978-3-031-16302-9_19","Petar Kristijan BogovićAna MeštrovićSanda Martinčić-Ipšić","2022","http://link.springer.com/chapter/10.1007/978-3-031-16302-9_19","Chapter"
"Parameterized Complexity of Immunization in the Threshold Model","WALCOM: Algorithms and Computation","","","","10.1007/978-3-030-96731-4_23","Gennaro CordascoLuisa GarganoAdele A. Rescigno","2022","http://link.springer.com/chapter/10.1007/978-3-030-96731-4_23","Chapter"
"Operationalizing a Medical Intelligence Platform for Humanitarian Security in Protracted Crises","Modelling and Simulation  for Autonomous Systems","","","","10.1007/978-3-030-98260-7_25","Walter DavidMichelle King-OkoyeGianluca SensidoniAlessandro CaponeIrene MugambwaStanislava KraynovaBeatriz Garmendia-Doval","2022","http://link.springer.com/chapter/10.1007/978-3-030-98260-7_25","Chapter"
"Policy Responses to Climate Change: Lessons from Covid and Other Historical Crises","Mitigating Climate Change","","","","10.1007/978-3-030-92148-4_7","Timothy C. LeechBeth-Anne Schuelke-Leech","2022","http://link.springer.com/chapter/10.1007/978-3-030-92148-4_7","Chapter"