Item Title,Publication Title,Book Series Title,Journal Volume,Journal Issue,Item DOI,Authors,Publication Year,URL,Content Type
"Combating the infodemic: COVID-19 induced fake news recognition in social media networks","Complex & Intelligent Systems","","","","10.1007/s40747-022-00672-2","Shankar BiradarSunil SaumyaArun Chauhan","2022","http://link.springer.com/article/10.1007/s40747-022-00672-2","Article"
"Fake news on Social Media: the Impact on Society","Information Systems Frontiers","","","","10.1007/s10796-022-10242-z","Femi OlanUchitha JayawickramaEmmanuel Ogiemwonyi ArakpogunJana SuklanShaofeng Liu","2022","http://link.springer.com/article/10.1007/s10796-022-10242-z","Article"
"Detection and moderation of detrimental content on social media platforms: current status and future directions","Social Network Analysis and Mining","","12","1","10.1007/s13278-022-00951-3","Vaishali U. GonganeMousami V. MunotAlwin D. Anuse","2022","http://link.springer.com/article/10.1007/s13278-022-00951-3","Article"
"Detection of Turkish Fake News in Twitter with Machine Learning Algorithms","Arabian Journal for Science and Engineering","","47","2","10.1007/s13369-021-06223-0","Suleyman Gokhan TaskinEcir Ugur KucuksilleKamil Topal","2022","http://link.springer.com/article/10.1007/s13369-021-06223-0","Article"
"Novel approaches to fake news and fake account detection in OSNs: user social engagement and visual content centric model","Social Network Analysis and Mining","","12","1","10.1007/s13278-022-00878-9","Santosh Kumar UppadaK. ManasaB. VidhathriR. HariniB. Sivaselvan","2022","http://link.springer.com/article/10.1007/s13278-022-00878-9","Article"
"DC-CNN: Dual-channel Convolutional Neural Networks with attention-pooling for fake news detection","Applied Intelligence","","","","10.1007/s10489-022-03910-9","Kun MaChanghao TangWeijuan ZhangBenkuan CuiKe JiZhenxiang ChenAjith Abraham","2022","http://link.springer.com/article/10.1007/s10489-022-03910-9","Article"
"Spatio-temporal approach for classification of COVID-19 pandemic fake news","Social Network Analysis and Mining","","12","1","10.1007/s13278-022-00887-8","I. Y. AgarwalD. P. RanaM. ShaikhS. Poudel","2022","http://link.springer.com/article/10.1007/s13278-022-00887-8","Article"
"A survey of uncover misleading and cyberbullying on social media for public health","Cluster Computing","","","","10.1007/s10586-022-03706-z","Omar DarwishYahya TashtoushAmjad BashayrehAlaa AlomarShahed Alkhaza’lehDirar Darweesh","2022","http://link.springer.com/article/10.1007/s10586-022-03706-z","Article"
"Detecting fake news and disinformation using artificial intelligence and machine learning to avoid supply chain disruptions","Annals of Operations Research","","","","10.1007/s10479-022-05015-5","Pervaiz AkhtarArsalan Mujahid GhouriHaseeb Ur Rehman KhanMirza Amin ul HaqUsama AwanNadia ZahoorZaheer KhanAniqa Ashraf","2022","http://link.springer.com/article/10.1007/s10479-022-05015-5","Article"
"An image and text-based multimodal model for detecting fake news in OSN’s","Journal of Intelligent Information Systems","","","","10.1007/s10844-022-00764-y","Santosh Kumar UppadaParth PatelSivaselvan B.","2022","http://link.springer.com/article/10.1007/s10844-022-00764-y","Article"
"A Transformer-Based Model for Evaluation of Information Relevance in Online Social-Media: A Case Study of Covid-19 Media Posts","New Generation Computing","","40","4","10.1007/s00354-021-00151-1","Utkarsh SharmaPrateek PandeyShishir Kumar","2022","http://link.springer.com/article/10.1007/s00354-021-00151-1","Article"
"Towards a soft three-level voting model (Soft T-LVM) for fake news detection","Journal of Intelligent Information Systems","","","","10.1007/s10844-022-00769-7","Boutheina JlifiChayma SakraniClaude Duvallet","2022","http://link.springer.com/article/10.1007/s10844-022-00769-7","Article"
"A Theory-based Deep-Learning Approach to Detecting Disinformation in Financial Social Media","Information Systems Frontiers","","","","10.1007/s10796-022-10327-9","Wingyan ChungYinqiang ZhangJia Pan","2022","http://link.springer.com/article/10.1007/s10796-022-10327-9","Article"
"The Global Regulation of “Fake News” in the Time of Oxymora: Facts and Fictions about the Covid-19 Pandemic as Coincidences or Predictive Programming?","International Journal for the Semiotics of Law - Revue internationale de Sémiotique juridique","","35","3","10.1007/s11196-021-09840-y","Rostam J. Neuwirth","2022","http://link.springer.com/article/10.1007/s11196-021-09840-y","Article"
"The disaster of misinformation: a review of research in social media","International Journal of Data Science and Analytics","","13","4","10.1007/s41060-022-00311-6","Sadiq Muhammed TSaji K. Mathew","2022","http://link.springer.com/article/10.1007/s41060-022-00311-6","Article"
"Combating Misinformation by Sharing the Truth: a Study on the Spread of Fact-Checks on Social Media","Information Systems Frontiers","","","","10.1007/s10796-022-10296-z","Jiexun LiXiaohui Chang","2022","http://link.springer.com/article/10.1007/s10796-022-10296-z","Article"
"How Does Misinformation and Capricious Opinions Impact the Supply Chain - A Study on the Impacts During the Pandemic","Annals of Operations Research","","","","10.1007/s10479-022-04997-6","Arpan Kumar KarShalini Nath TripathiNishtha MalikShivam GuptaUthayasankar Sivarajah","2022","http://link.springer.com/article/10.1007/s10479-022-04997-6","Article"
"Long text feature extraction network with data augmentation","Applied Intelligence","","52","15","10.1007/s10489-022-03185-0","Changhao TangKun MaBenkuan CuiKe JiAjith Abraham","2022","http://link.springer.com/article/10.1007/s10489-022-03185-0","Article"
"Stereotyping of the Russian Orthodox Church in Fake News in the Context of the COVID-19 Pandemic: Semiotic and Legal Analysis","International Journal for the Semiotics of Law - Revue internationale de Sémiotique juridique","","35","3","10.1007/s11196-022-09888-4","Yulia Erokhina","2022","http://link.springer.com/article/10.1007/s11196-022-09888-4","Article"
"Social media and spreading panic among adults during the COVID-19 pandemic, Egypt","Environmental Science and Pollution Research","","29","16","10.1007/s11356-021-17580-6","Walaa M. ShehataDoaa E. Abdeldaim","2022","http://link.springer.com/article/10.1007/s11356-021-17580-6","Article"
"COVID-19 Misinformation on Social Media and Public’s Health Behavior: Understanding the Moderating Role of Situational Motivation and Credibility Evaluations","Human Arenas","","","","10.1007/s42087-022-00291-w","Zapan Barua","2022","http://link.springer.com/article/10.1007/s42087-022-00291-w","Article"
"The relationship between social media use, anxiety and burden caused by coronavirus (COVID-19) in Spain","Current Psychology","","41","10","10.1007/s12144-021-01802-8","Julia BrailovskaiaMarta MiragallJürgen MargrafRocío HerreroRosa M. Baños","2022","http://link.springer.com/article/10.1007/s12144-021-01802-8","Article"
"Digital Resilience in Dealing with Misinformation on Social Media during COVID-19","Information Systems Frontiers","","","","10.1007/s10796-022-10347-5","Stefka SchmidKatrin HartwigRobert CieslinskiChristian Reuter","2022","http://link.springer.com/article/10.1007/s10796-022-10347-5","Article"
"Blockchain-based rumor detection approach for COVID-19","Journal of Ambient Intelligence and Humanized Computing","","","","10.1007/s12652-022-03900-2","Poonam RaniVibha JainJyoti ShokeenArnav Balyan","2022","http://link.springer.com/article/10.1007/s12652-022-03900-2","Article"
"SIRA: a model for propagation and rumor control with epidemic spreading and immunization for healthcare 5.0","Soft Computing","","","","10.1007/s00500-022-07397-x","Akshi KumarNipun AggarwalSanjay Kumar","2022","http://link.springer.com/article/10.1007/s00500-022-07397-x","Article"
"Using Social Media Categorical Reactions as a Gateway to Identify Hate Speech in COVID-19 News","SN Computer Science","","4","1","10.1007/s42979-022-01421-5","Luciana OliveiraJoana Azevedo","2022","http://link.springer.com/article/10.1007/s42979-022-01421-5","Article"
"Game-Theoretic Frameworks for Epidemic Spreading and Human Decision-Making: A Review","Dynamic Games and Applications","","12","1","10.1007/s13235-022-00428-0","Yunhan HuangQuanyan Zhu","2022","http://link.springer.com/article/10.1007/s13235-022-00428-0","Article"
"Pseudoscience and fraudulent products for COVID-19 management","Environmental Science and Pollution Research","","29","42","10.1007/s11356-022-21967-4","Vivek P. ChavdaShreya S. SonakNafesa K. MunshiPooja N. Dhamade","2022","http://link.springer.com/article/10.1007/s11356-022-21967-4","Article"
"COVID-19 vaccine hesitancy: a social media analysis using deep learning","Annals of Operations Research","","","","10.1007/s10479-022-04792-3","Serge NyawaDieudonné TchuenteSamuel Fosso-Wamba","2022","http://link.springer.com/article/10.1007/s10479-022-04792-3","Article"
"Is the Global Pandemic Driving Me Crazy? The Relationship Between Personality Traits, Fear of Missing Out, and Social Media Fatigue During the COVID-19 Pandemic in Nigeria","International Journal of Mental Health and Addiction","","","","10.1007/s11469-021-00723-8","Jola-ade AshiruDokun OluwajanaOghenerume Shabeth Biabor","2022","http://link.springer.com/article/10.1007/s11469-021-00723-8","Article"
"Measuring the effects of misinformation exposure and beliefs on behavioural intentions: a COVID-19 vaccination study","Cognitive Research: Principles and Implications","","7","1","10.1186/s41235-022-00437-y","Constance de Saint LaurentGillian MurphyKaren HegartyCiara M. Greene","2022","http://link.springer.com/article/10.1186/s41235-022-00437-y","Article"
"Rise of Conspiracy Theories in the Pandemic Times","International Journal for the Semiotics of Law - Revue internationale de Sémiotique juridique","","35","6","10.1007/s11196-022-09910-9","Elżbieta KużelewskaMariusz Tomaszuk","2022","http://link.springer.com/article/10.1007/s11196-022-09910-9","Article"
"Social media analysis of Twitter tweets related to ASD in 2019–2020, with particular attention to COVID-19: topic modelling and sentiment analysis","Journal of Big Data","","9","1","10.1186/s40537-022-00666-4","Luca CortiMichele ZanettiGiovanni TricellaMaurizio Bonati","2022","http://link.springer.com/article/10.1186/s40537-022-00666-4","Article"
"Fake Information Analysis and Detection on Pandemic in Twitter","SN Computer Science","","3","6","10.1007/s42979-022-01363-y","J. JeyasudhaPrashnim SethG. UshaPranesh Tanna","2022","http://link.springer.com/article/10.1007/s42979-022-01363-y","Article"
"Heterogeneous Information Fusion based Topic Detection from Social Media Data","Information Systems Frontiers","","","","10.1007/s10796-022-10334-w","Seema RaniMukesh Kumar","2022","http://link.springer.com/article/10.1007/s10796-022-10334-w","Article"
"Sentiment analysis and topic modeling for COVID-19 vaccine discussions","World Wide Web","","25","3","10.1007/s11280-022-01029-y","Hui YinXiangyu SongShuiqiao YangJianxin Li","2022","http://link.springer.com/article/10.1007/s11280-022-01029-y","Article"
"Fake or real news about COVID-19? Pretrained transformer model to detect potential misleading news","The European Physical Journal Special Topics","","231","18 - 20","10.1140/epjs/s11734-022-00436-6","SreeJagadeesh MallaP. J. A. Alphonse","2022","http://link.springer.com/article/10.1140/epjs/s11734-022-00436-6","Article"
"An Epidemic Model with Pro and Anti-vaccine Groups","Acta Biotheoretica","","70","3","10.1007/s10441-022-09443-5","G. S. HarariL. H. A. Monteiro","2022","http://link.springer.com/article/10.1007/s10441-022-09443-5","Article"
"Beliefs in COVID-19 conspiracy theories, compliance with the preventive measures, and trust in government medical officials","Current Psychology","","41","10","10.1007/s12144-021-01898-y","Irena Pavela BanaiBenjamin BanaiIgor Mikloušić","2022","http://link.springer.com/article/10.1007/s12144-021-01898-y","Article"
"How does WeChat’s active engagement with health information contribute to psychological well-being through social capital?","Universal Access in the Information Society","","21","3","10.1007/s10209-021-00795-2","Lianshan ZhangEun Hwa Jung","2022","http://link.springer.com/article/10.1007/s10209-021-00795-2","Article"
"A framework for information technology-based management against COVID-19 in Iran","BMC Public Health","","22","1","10.1186/s12889-022-12781-1","Afsoon AsadzadehZeinab MohammadzadehZahra FathifarSoheila Jahangiri-MirshekarlouPeyman Rezaei-Hachesu","2022","http://link.springer.com/article/10.1186/s12889-022-12781-1","Article"
"Fusion of AI techniques to tackle COVID-19 pandemic: models, incidence rates, and future trends","Multimedia Systems","","28","4","10.1007/s00530-021-00818-1","Het ShahSaiyam ShahSudeep TanwarRajesh GuptaNeeraj Kumar","2022","http://link.springer.com/article/10.1007/s00530-021-00818-1","Article"
"Coevolving spreading dynamics of negative information and epidemic on multiplex networks","Nonlinear Dynamics","","110","4","10.1007/s11071-022-07776-x","Jiaxing ChenYing LiuJing YueXi DuanMing Tang","2022","http://link.springer.com/article/10.1007/s11071-022-07776-x","Article"
"Post-Truth and Education","Science & Education","","31","5","10.1007/s11191-021-00293-0","Liliana Valladares","2022","http://link.springer.com/article/10.1007/s11191-021-00293-0","Article"
"Implementation of initiatives designed to improve healthcare worker health and wellbeing during the COVID-19 pandemic: comparative case studies from 13 healthcare provider organisations globally","Globalization and Health","","18","1","10.1186/s12992-022-00818-4","N O’BrienK FlottO BrayA ShawM Durkin","2022","http://link.springer.com/article/10.1186/s12992-022-00818-4","Article"
"A probabilistic approach toward evaluation of Internet rumor on COVID","Soft Computing","","26","16","10.1007/s00500-022-07064-1","Yancheng YangShah NazirWajeeha Khalil","2022","http://link.springer.com/article/10.1007/s00500-022-07064-1","Article"
"Depression, reduced education, and bias perceptions as risk factors of beliefs in misinformation","Scientific Reports","","12","1","10.1038/s41598-022-20640-7","Marco DelmastroMarinella Paciello","2022","http://link.springer.com/article/10.1038/s41598-022-20640-7","Article"
"A high-resolution temporal and geospatial content analysis of Twitter posts related to the COVID-19 pandemic","Journal of Computational Social Science","","5","1","10.1007/s42001-021-00150-8","Charalampos NtomprasGeorge DrosatosEleni Kaldoudi","2022","http://link.springer.com/article/10.1007/s42001-021-00150-8","Article"
"Conflict, epidemic and faith communities: church-state relations during the fight against Covid-19 in north-eastern DR Congo","Conflict and Health","","16","1","10.1186/s13031-022-00488-4","Sadiki KangaminaJean-Benoit FalisseAmuda BabaLiz GrantNigel PearsonYossa WayEmma Wild-Wood","2022","http://link.springer.com/article/10.1186/s13031-022-00488-4","Article"
"On the development of an information system for monitoring user opinion and its role for the public","Journal of Big Data","","9","1","10.1186/s40537-022-00660-w","Vladislav KaryukinGalimkair MutanovZhanl MamykovaGulnar NassimovaSaule TorekulZhanerke SundetovaMatteo Negri","2022","http://link.springer.com/article/10.1186/s40537-022-00660-w","Article"
"Interventions to Optimise Mental Health Outcomes During the COVID-19 Pandemic: A Scoping Review","International Journal of Mental Health and Addiction","","20","5","10.1007/s11469-021-00558-3","Jacqueline SafiehJohn BroughanGeoff McCombeNiamh McCarthyTimothy FrawleyAllys GuerandelJohn S. LambertWalter Cullen","2022","http://link.springer.com/article/10.1007/s11469-021-00558-3","Article"
"A state-of-the-art examination of disaster management in Sierra Leone: the implementation drawbacks, research gaps, advances, and prospects","Geoenvironmental Disasters","","9","1","10.1186/s40677-022-00224-3","Bashiru TuraySheku Gbetuwa","2022","http://link.springer.com/article/10.1186/s40677-022-00224-3","Article"
"An Ideological Analysis of the Former President Donald Trump’s Tweets During COVID-19","Corpus Pragmatics","","6","1","10.1007/s41701-021-00113-4","Xue LuoMei HeZhonggen Yu","2022","http://link.springer.com/article/10.1007/s41701-021-00113-4","Article"
"The damages of negative information: illustration from two markets","DECISION","","49","3","10.1007/s40622-022-00312-1","Dana NayerMosi RosenboimMiki Malul","2022","http://link.springer.com/article/10.1007/s40622-022-00312-1","Article"
"Worry from contracting COVID-19 infection and its stigma among Egyptian health care providers","Journal of the Egyptian Public Health Association","","97","1","10.1186/s42506-021-00099-6","Doaa Mohamed OsmanFatma R. KhalafGellan K. AhmedAhmed Y. AbdelbadeeAhmed M. AbbasHeba M. Mohammed","2022","http://link.springer.com/article/10.1186/s42506-021-00099-6","Article"
"Can Debunked Conspiracy Theories Change Radicalized Views? Evidence from Racial Prejudice and Anti-China Sentiment Amid the COVID-19 Pandemic","Journal of Chinese Political Science","","","","10.1007/s11366-022-09832-0","Tianyang LiuTianru GuanRandong Yuan","2022","http://link.springer.com/article/10.1007/s11366-022-09832-0","Article"
"Epidemiology in Middle School Science Curricula: a COVID-19 Pre–post Intervention","Journal of Science Education and Technology","","31","5","10.1007/s10956-022-09975-y","Amani Khalaf H. AlghamdiKholoud S. Al GhamdiSun Young Kim","2022","http://link.springer.com/article/10.1007/s10956-022-09975-y","Article"
"Data-driven analytics of COVID-19 ‘infodemic’","International Journal of Data Science and Analytics","","","","10.1007/s41060-022-00339-8","Minyu WanQi SuRong XiangChu-Ren Huang","2022","http://link.springer.com/article/10.1007/s41060-022-00339-8","Article"
"Narrative communication regarding the Covid-19 vaccine: a thematic analysis of comments on Romanian official Facebook page “RO Vaccinare”","SN Social Sciences","","2","8","10.1007/s43545-022-00427-3","Dragoş M. Obreja","2022","http://link.springer.com/article/10.1007/s43545-022-00427-3","Article"
"Determinants of adherence to personal preventive behaviours based on the health belief model: a cross-sectional study in South Korea during the initial stage of the COVID-19 pandemic","BMC Public Health","","22","1","10.1186/s12889-022-13355-x","Jiwon BaekKyung Hee KimJae Wook Choi","2022","http://link.springer.com/article/10.1186/s12889-022-13355-x","Article"
"Vaccination—A Step Closer to Universal Health Coverage","Journal of Public Health","","30","3","10.1007/s10389-020-01322-y","Narges KalantariBettina BorischMarta Lomazzi","2022","http://link.springer.com/article/10.1007/s10389-020-01322-y","Article"
"User Privacy, Surveillance and Public Health during COVID-19 – An Examination of Twitterverse","Information Systems Frontiers","","","","10.1007/s10796-022-10247-8","Paras BhattNaga VempralaRohit ValechaGovind HariharanH. Raghav Rao","2022","http://link.springer.com/article/10.1007/s10796-022-10247-8","Article"
"Crisis, justice, and managing the appetite for risk","Jindal Global Law Review","","13","1","10.1007/s41020-022-00165-w","Francine Rochford","2022","http://link.springer.com/article/10.1007/s41020-022-00165-w","Article"
"A diary study of impulsive buying during the COVID-19 pandemic","Current Psychology","","41","8","10.1007/s12144-020-01220-2","Huan XiaoZhenduo ZhangLi Zhang","2022","http://link.springer.com/article/10.1007/s12144-020-01220-2","Article"
"The state of social science research on COVID-19","Scientometrics","","127","1","10.1007/s11192-021-04206-4","Yan-Li LiuWen-Juan YuanShao-Hong Zhu","2022","http://link.springer.com/article/10.1007/s11192-021-04206-4","Article"
"China as a Responsible Power Amid the COVID-19 Crisis: Perceptions of Partners and Adversaries on Twitter","Fudan Journal of the Humanities and Social Sciences","","15","2","10.1007/s40647-022-00344-y","Maria PapageorgiouDaniella da Silva Nogueira de Melo","2022","http://link.springer.com/article/10.1007/s40647-022-00344-y","Article"
"Modeling strategies for information influence dissemination in social networks","Journal of Ambient Intelligence and Humanized Computing","","13","5","10.1007/s12652-021-03364-w","Anas M. Al-OraiqatOleksandr S. UlichevYelyzaveta V. MeleshkoHazim S. AlRawashdehOleksii O. SmirnovLiudmyla I. Polishchuk","2022","http://link.springer.com/article/10.1007/s12652-021-03364-w","Article"
"This time is different?—on the use of emergency measures during the corona pandemic","European Journal of Law and Economics","","54","1","10.1007/s10657-021-09706-5","Christian BjørnskovStefan Voigt","2022","http://link.springer.com/article/10.1007/s10657-021-09706-5","Article"
"Immigrant pentecostalism in the emergence of the COVID-19 crisis: reactions and responses from the Universal Church of the Kingdom of God in Berlin","Zeitschrift für Religion, Gesellschaft und Politik","","","","10.1007/s41682-022-00141-0","Stefan van der Hoek","2022","http://link.springer.com/article/10.1007/s41682-022-00141-0","Article"
"Minimum budget for misinformation detection in online social networks with provable guarantees","Optimization Letters","","16","2","10.1007/s11590-021-01733-0","Canh V. PhamDung V. PhamBao Q. BuiAnh V. Nguyen","2022","http://link.springer.com/article/10.1007/s11590-021-01733-0","Article"
"Agenda-Setting for COVID-19: A Study of Large-Scale Economic News Coverage Using Natural Language Processing","International Journal of Data Science and Analytics","","","","10.1007/s41060-022-00364-7","Guang LuMartin BusingerChristian DollfusThomas WozniakMatthes FleckTimo HerothIrina LockJanna Lipenkova","2022","http://link.springer.com/article/10.1007/s41060-022-00364-7","Article"
"Coping styles mediating the relationship between perceived chronic stress and conspiracy beliefs about COVID-19","Current Psychology","","","","10.1007/s12144-022-03625-7","Bettina PfefferAndreas GoreisAdelais ReichmannInes BaudaDiana KlingerMercedes M. BockPaul L. PlenerOswald D. Kothgassner","2022","http://link.springer.com/article/10.1007/s12144-022-03625-7","Article"
"Text Analysis of Evolving Emotions and Sentiments in COVID-19 Twitter Communication","Cognitive Computation","","","","10.1007/s12559-022-10025-3","Veda C. StoreyDaniel E. O’Leary","2022","http://link.springer.com/article/10.1007/s12559-022-10025-3","Article"
"Multi-input integrative learning using deep neural networks and transfer learning for cyberbullying detection in real-time code-mix data","Multimedia Systems","","28","6","10.1007/s00530-020-00672-7","Akshi KumarNitin Sachdeva","2022","http://link.springer.com/article/10.1007/s00530-020-00672-7","Article"
"Exploring the Role of Trust in Scientists to Explain Health-Related Behaviors in Response to the COVID-19 Pandemic","Science & Education","","31","5","10.1007/s11191-022-00323-5","Ebru Zeynep MuğaloğluZeynep KaymazMuhammet Emin MısırCanan Laçin-Şimşek","2022","http://link.springer.com/article/10.1007/s11191-022-00323-5","Article"
"Rumour propagation: an operational research approach by computational and information theory","Central European Journal of Operations Research","","30","1","10.1007/s10100-020-00727-0","Burcu GürbüzHerman MawengkangIsmail HuseinGerhard-Wilhelm Weber","2022","http://link.springer.com/article/10.1007/s10100-020-00727-0","Article"
"Analysis of information cascading and propagation barriers across distinctive news events","Journal of Intelligent Information Systems","","58","1","10.1007/s10844-021-00654-9","Abdul SittarDunja MladenićMarko Grobelnik","2022","http://link.springer.com/article/10.1007/s10844-021-00654-9","Article"
"What did the pandemic teach us about effective health communication? Unpacking the COVID-19 infodemic","BMC Public Health","","22","1","10.1186/s12889-022-14707-3","Eric J. CooksMelissa J. VilaroBrenda W. DyalShu WangGillian MertensAantaki RaisaBumsoo KimGemme Campbell-SalomeDiana J. WilkieFolake OdedinaVersie Johnson-MallardYingwei YaoJanice L. Krieger","2022","http://link.springer.com/article/10.1186/s12889-022-14707-3","Article"
"Relation of corona-specific health literacy to use of and trust in information sources during the COVID-19 pandemic","BMC Public Health","","22","1","10.1186/s12889-021-12271-w","Saskia Maria De GaniFabian Marc Pascal BergerElena GuggiariRebecca Jaks","2022","http://link.springer.com/article/10.1186/s12889-021-12271-w","Article"
"Emotional profiling and cognitive networks unravel how mainstream and alternative press framed AstraZeneca, Pfizer and COVID-19 vaccination campaigns","Scientific Reports","","12","1","10.1038/s41598-022-18472-6","Alfonso SemeraroSalvatore VilellaGiancarlo RuffoMassimo Stella","2022","http://link.springer.com/article/10.1038/s41598-022-18472-6","Article"
"“Wolf Warrior” and China’s digital public diplomacy during the COVID-19 crisis","Place Branding and Public Diplomacy","","18","1","10.1057/s41254-021-00241-3","Zhao Alexandre Huang","2022","http://link.springer.com/article/10.1057/s41254-021-00241-3","Article"
"FOMO (fate of online media only) in infectious disease modeling: a review of compartmental models","International Journal of Dynamics and Control","","","","10.1007/s40435-022-00994-6","Joanna SooknananTerence A. R. Seemungal","2022","http://link.springer.com/article/10.1007/s40435-022-00994-6","Article"
"UACD: A Local Approach for Identifying the Most Influential Spreaders in Twitter in a Distributed Environment","Social Network Analysis and Mining","","12","1","10.1007/s13278-022-00862-3","T M Tariq AdnanMd Saiful IslamTarikul Islam PaponShourav NathMuhammad Abdullah Adnan","2022","http://link.springer.com/article/10.1007/s13278-022-00862-3","Article"
"A model to measure the spread power of rumors","Journal of Ambient Intelligence and Humanized Computing","","","","10.1007/s12652-022-04034-1","Zoleikha Jahanbakhsh-NagadehMohammad-Reza Feizi-DerakhshiMajid RamezaniTaymaz AkanMeysam Asgari-ChenaghluNarjes Nikzad-KhasmakhiAli-Reza Feizi-DerakhshiMehrdad Ranjbar-KhadiviElnaz Zafarani-MoattarMohammad-Ali Balafar","2022","http://link.springer.com/article/10.1007/s12652-022-04034-1","Article"
"Influence of Public Engagement with Science on Scientific Information Literacy During the COVID‑19 Pandemic","Science & Education","","31","3","10.1007/s11191-021-00261-8","Chao GuYi Feng","2022","http://link.springer.com/article/10.1007/s11191-021-00261-8","Article"
"WHO competency framework for health authorities and institutions to manage infodemics: its development and features","Human Resources for Health","","20","1","10.1186/s12960-022-00733-0","Sara RubinelliTina D. PurnatElisabeth WilhelmDenise TraicoffApophia Namageyo-FunaAngus ThomsonClaire WardleJaya LamichhaneSylvie BriandTim Nguyen","2022","http://link.springer.com/article/10.1186/s12960-022-00733-0","Article"
"Mapping state-sponsored information operations with multi-view modularity clustering","EPJ Data Science","","11","1","10.1140/epjds/s13688-022-00338-6","Joshua UyhengIain J. CruickshankKathleen M. Carley","2022","http://link.springer.com/article/10.1140/epjds/s13688-022-00338-6","Article"
"Sensemaking of COVIDian Crisis for Work and Organization","Philosophy of Management","","","","10.1007/s40926-022-00212-5","Shradha KundraRohit Dwivedi","2022","http://link.springer.com/article/10.1007/s40926-022-00212-5","Article"
"Evolution of COVID-19 tweets about Southeast Asian Countries: topic modelling and sentiment analyses","Place Branding and Public Diplomacy","","","","10.1057/s41254-022-00271-5","Boonyanit MathayomchanViriya TaecharungrojWalanchalee Wattanacharoensil","2022","http://link.springer.com/article/10.1057/s41254-022-00271-5","Article"
"What predicts people’s belief in COVID-19 misinformation? A retrospective study using a nationwide online survey among adults residing in the United States","BMC Public Health","","22","1","10.1186/s12889-022-14431-y","Sooyoung KimAriadna CapassoShahmir H. AliTyler HeadleyRalph J. DiClementeYesim Tozan","2022","http://link.springer.com/article/10.1186/s12889-022-14431-y","Article"
"COVID-19 as a social disease: qualitative analysis of COVID-19 prevention needs, impact of control measures and community responses among racialized/ethnic minorities in Antwerp, Belgium","International Journal for Equity in Health","","21","1","10.1186/s12939-022-01672-x","Christiana NöstlingerElla Van LandeghemJef VanhamelAnke RotsaertLazare ManirankundaCharles DdunguThijs ReyniersDeogratias KatsuvaJana VercruyssenStef DielenMarie Meudec","2022","http://link.springer.com/article/10.1186/s12939-022-01672-x","Article"
"Dynamics and control of delayed rumor propagation through social networks","Journal of Applied Mathematics and Computing","","68","5","10.1007/s12190-021-01643-5","Moumita GhoshSamhita DasPritha Das","2022","http://link.springer.com/article/10.1007/s12190-021-01643-5","Article"
"The prospects of strategic imagination in explaining international security challenges","Quality & Quantity","","","","10.1007/s11135-022-01386-w","Holger Mölder","2022","http://link.springer.com/article/10.1007/s11135-022-01386-w","Article"
"Dictionary Based Global Twitter Sentiment Analysis of Coronavirus (COVID-19) Effects and Response","Annals of Data Science","","9","1","10.1007/s40745-021-00358-5","Elphas OkangoHenry Mwambi","2022","http://link.springer.com/article/10.1007/s40745-021-00358-5","Article"
"Summarising data and factors associated with COVID-19 related conspiracy theories in the first year of the pandemic: a systematic review and narrative synthesis","BMC Psychology","","10","1","10.1186/s40359-022-00959-6","Konstantinos TsamakisDimitrios TsiptsiosBrendon StubbsRuimin MaEugenia RomanoChristoph MuellerAyesha AhmadAndreas S. TriantafyllisGeorge TsitsasElena Dragioti","2022","http://link.springer.com/article/10.1186/s40359-022-00959-6","Article"
"A new infodemiological approach through Google Trends: longitudinal analysis of COVID-19 scientific and infodemic names in Italy","BMC Medical Research Methodology","","22","1","10.1186/s12874-022-01523-x","Alessandro RovettaLucia Castaldo","2022","http://link.springer.com/article/10.1186/s12874-022-01523-x","Article"
"New Role of Bioethics in Emergency Situations on the Example of COVID-19","BioNanoScience","","12","2","10.1007/s12668-021-00915-5","F. T. NezhmetdinovaM. E. GurylevaN. L. Blatt","2022","http://link.springer.com/article/10.1007/s12668-021-00915-5","Article"
"Scanning the VIRUS: A study of dimensions of stress and coping with COVID-19","Current Psychology","","41","10","10.1007/s12144-021-01369-4","Kanika K. Ahuja","2022","http://link.springer.com/article/10.1007/s12144-021-01369-4","Article"
"Queer Politics of a Pandemic: LGBTQ + People’s Conceptions of COVID-19’s Politicization","Sexuality Research and Social Policy","","","","10.1007/s13178-022-00719-6","Rachel M. SchmitzGabby GomezAidan PropstJennifer TablerRuby Charak","2022","http://link.springer.com/article/10.1007/s13178-022-00719-6","Article"
"Adapting recurrent neural networks for classifying public discourse on COVID-19 symptoms in Twitter content","Soft Computing","","26","20","10.1007/s00500-022-07405-0","Samina AminAbdullah AlharbiM. Irfan UddinHashem Alyami","2022","http://link.springer.com/article/10.1007/s00500-022-07405-0","Article"
"Exploring public awareness of the current and future malaria risk zones in South Africa under climate change: a pilot study","International Journal of Biometeorology","","66","2","10.1007/s00484-020-02042-4","Jennifer M FitchettDeryn-Anne Swatton","2022","http://link.springer.com/article/10.1007/s00484-020-02042-4","Article"
"Multi-dimensional impacts of Coronavirus disease 2019 pandemic on Sustainable Development Goal achievement","Globalization and Health","","18","1","10.1186/s12992-022-00861-1","Angkana LekagulAnamika ChattongPutthipanya RueangsomOrratai WaleewongViroj Tangcharoensathien","2022","http://link.springer.com/article/10.1186/s12992-022-00861-1","Article"
"A Study to Assess the Knowledge and Perception of Practicing Dental Professionals Toward COVID-19 in Lucknow City","Journal of Maxillofacial and Oral Surgery","","21","3","10.1007/s12663-021-01554-9","Khushboo ArifSitanshu malhotraShadab MohammadSana FarooquiManu HarayanPallavi SinghMohd Saleem","2022","http://link.springer.com/article/10.1007/s12663-021-01554-9","Article"
"Irish secondary school science teachers’ perspectives on addressing the COVID-19 crisis as socioscientific issues","Disciplinary and Interdisciplinary Science Education Research","","4","1","10.1186/s43031-022-00056-z","Ruth ChadwickEilish McLoughlin","2022","http://link.springer.com/article/10.1186/s43031-022-00056-z","Article"
"Red media, blue media, and misperceptions: examining a moderated serial mediation model of partisan media use and COVID-19 misperceptions","Current Psychology","","","","10.1007/s12144-022-03772-x","Yan SuXin HongChang Sun","2022","http://link.springer.com/article/10.1007/s12144-022-03772-x","Article"
"Measures, Gaps, and Mitigation Strategies in Bangladesh’s COVID-19 Response","EcoHealth","","19","3","10.1007/s10393-022-01607-6","Abdullah Al SattarNusrat IrinJoseph P. BelgradNajmul HaiderNurun Nahar ChistyMd. Abu Shoieb MohsinMohammad FoysalTridip DasMd. Helal UddinRubyath Binte HasanJinnat FerdousMahmudul HasanRashed MahmudMohammed Abdus SamadMohammad GiasuddinParitosh Kumar Biswas","2022","http://link.springer.com/article/10.1007/s10393-022-01607-6","Article"
"Effects of investor sentiment on stock volatility: new evidences from multi-source data in China’s green stock markets","Financial Innovation","","8","1","10.1186/s40854-022-00381-2","Yang GaoChengjie ZhaoBianxia SunWandi Zhao","2022","http://link.springer.com/article/10.1186/s40854-022-00381-2","Article"
"Maskne—Dermatosis of a Pandemic. A Survey on the Impact of PPE on Facial Skin Among HCW and N-HCW in Poland","Dermatology and Therapy","","12","10","10.1007/s13555-022-00796-w","Izabela U. MalczynskaGabriela KrychAnna BaranTomasz W. KaminskiIwona Flisiak","2022","http://link.springer.com/article/10.1007/s13555-022-00796-w","Article"
"Cosmopolitan tourists: the most resilient travellers in the face of COVID-19","Service Business","","16","3","10.1007/s11628-022-00482-z","Vanda VerébHelena NobreMinoo Farhangmehr","2022","http://link.springer.com/article/10.1007/s11628-022-00482-z","Article"
"The Pursuit of the ‘Dead Bandit’: A Decolonial Analysis of the Persecution of the Marginalized in Brazil","Critical Criminology","","30","3","10.1007/s10612-022-09658-5","Roxana Pessoa Cavalcanti","2022","http://link.springer.com/article/10.1007/s10612-022-09658-5","Article"
"Online searching trend on Covid-19 using Google trend: infodemiological study in Malaysia","International Journal of Information Technology","","14","2","10.1007/s41870-021-00825-5","Tengku Adil Tengku IzharTorab Torabi","2022","http://link.springer.com/article/10.1007/s41870-021-00825-5","Article"
"Prevalence and Predictors of Intention to be Vaccinated Against COVID-19 in Thirteen Latin American and Caribbean Countries","Trends in Psychology","","","","10.1007/s43076-022-00170-x","Tomás Caycho-RodríguezPablo D. ValenciaLindsey W. VilcaCarlos Carbajal-LeónAndrea Vivanco-VidalDaniela Saroli-AraníbarMario Reyes-BossioMichel WhiteClaudio Rojas-JaraRoberto Polanco-CarrascoMiguel GallegosMauricio CervigniPablo MartinoDiego Alejandro PalaciosRodrigo Moreta-HerreraAntonio Samaniego-Pinho","2022","http://link.springer.com/article/10.1007/s43076-022-00170-x","Article"
"Feasibility of a telephone-delivered educational intervention for knowledge transfer of COVID-19-related information to older adults in Hong Kong: a pre–post-pilot study","Pilot and Feasibility Studies","","8","1","10.1186/s40814-022-01169-y","Mong Yung FungYu Hong LeeYan Tung Astor LeeMei Ling WongJoyce Tik Sze LiEnoch E. Nok NgVivian Wing Yan Lee","2022","http://link.springer.com/article/10.1186/s40814-022-01169-y","Article"
"A comparative assessment of attitudes and hesitancy for influenza vis-à-vis COVID-19 vaccination among healthcare students and professionals in Malta","Journal of Public Health","","30","10","10.1007/s10389-021-01585-z","Sarah CuschieriVictor Grech","2022","http://link.springer.com/article/10.1007/s10389-021-01585-z","Article"
"In the midst of every crisis, lies great opportunity? Analysing environmental attitudes in the face of the Covid-19 pandemic","GeoJournal","","87","6","10.1007/s10708-021-10512-4","Harrison Esam AwuhReem ElbeltagyRavenstein Nyugap Awuh","2022","http://link.springer.com/article/10.1007/s10708-021-10512-4","Article"
"Health concerns among waste collectors during pandemic crisis","Environmental Science and Pollution Research","","29","5","10.1007/s11356-021-16071-y","Qing YeFahad AsmiMuhammad Azfar AnwarRongting ZhouAhmad Nabeel Siddiquei","2022","http://link.springer.com/article/10.1007/s11356-021-16071-y","Article"
"A comprehensive review on COVID-19 vaccines: development, effectiveness, adverse effects, distribution and challenges","VirusDisease","","33","1","10.1007/s13337-022-00755-1","Md. Mijanur RahmanMd. Habib Ullah MasumShah WajedAsma Talukder","2022","http://link.springer.com/article/10.1007/s13337-022-00755-1","Article"
"Epistemic oppression, resistance, and resurgence","Contemporary Political Theory","","21","2","10.1057/s41296-021-00483-z","Nora BerenstainKristie DotsonJulieta ParedesElena RuízNoenoe K. Silva","2022","http://link.springer.com/article/10.1057/s41296-021-00483-z","Article"
"Information clarity about Covid-19 in Indonesia: does media exposure matter?","BMC Public Health","","22","1","10.1186/s12889-022-13961-9","Setia PranataAgung Dwi LaksonoEka Denis MachfutraRatna Dwi Wulandari","2022","http://link.springer.com/article/10.1186/s12889-022-13961-9","Article"
"Chemophobia and passion: why chemists should desire Marcel Proust","Monatshefte für Chemie - Chemical Monthly","","153","9","10.1007/s00706-022-02945-5","Radek ChalupaKarel Nesměrák","2022","http://link.springer.com/article/10.1007/s00706-022-02945-5","Article"
"Theoretical and numerical study of the rumours spreading model in the framework of piecewise derivative","The European Physical Journal Plus","","137","6","10.1140/epjp/s13360-022-02921-2","Shaimaa A. M. AbdelmohsenMansour F. YassenShabir AhmadAshraf M. M. AbdelbackiJaved Khan","2022","http://link.springer.com/article/10.1140/epjp/s13360-022-02921-2","Article"
"The impact of information sources on COVID-19 knowledge accumulation and vaccination intention","International Journal of Data Science and Analytics","","13","4","10.1007/s41060-021-00307-8","Madalina VlasceanuAlin Coman","2022","http://link.springer.com/article/10.1007/s41060-021-00307-8","Article"
"The impact of working in COVID-19 hospital on indonesian nurses’ mental health and wellbeing: a qualitative study","BMC Nursing","","21","1","10.1186/s12912-022-01131-6","Gregorius Abanit AsaNelsensius Klau FaukMelkianus RatuPaul Russell Ward","2022","http://link.springer.com/article/10.1186/s12912-022-01131-6","Article"
"Movement and risk perception: evidence from spatial analysis of mobile phone-based mobility during the COVID-19 lockdown, Nigeria","GeoJournal","","87","3","10.1007/s10708-020-10331-z","Olanrewaju LawalChidozie Nwegbu","2022","http://link.springer.com/article/10.1007/s10708-020-10331-z","Article"
"Critical gaps and implications of risk communication in the global agreements—SFDRR, SDGs, and UNFCCC: 3 select case studies from urban areas of tropics in South Asia","Natural Hazards","","111","3","10.1007/s11069-021-05148-z","Shabana KhanJyoti Mishra","2022","http://link.springer.com/article/10.1007/s11069-021-05148-z","Article"
"Dealing with the COVID-19 pandemic: an opportunity to reflect on sustainability research","Sustainability Management Forum | NachhaltigkeitsManagementForum","","30","1 - 4","10.1007/s00550-022-00528-w","Benjamin NöltingBettina KönigAnne B. ZimmermannAntonietta Di GiulioMartina SchäferFlurina Schneider","2022","http://link.springer.com/article/10.1007/s00550-022-00528-w","Article"
"Psychometric Evaluation of the Fear of COVID-19 Scale Among Chinese Population","International Journal of Mental Health and Addiction","","20","2","10.1007/s11469-020-00441-7","Xinli ChiShiyun ChenYuying ChenDanying ChenQian YuTianyou GuoQianyu CaoXiaodan ZhengShaojie HuangMd Mahhub HossainBrendon StubbsAlbert YeungLiye Zou","2022","http://link.springer.com/article/10.1007/s11469-020-00441-7","Article"
"How can health technology assessment support our response to public health emergencies?","Health Research Policy and Systems","","20","1","10.1186/s12961-022-00925-z","Aparna AnanthakrishnanAlia Cynthia Gonzales LuzSarin KCLeslie OngCecilia OhWanrudee IsaranuwatchaiSaudamini Vishwanath DabakYot TeerawattananonHugo C. Turner","2022","http://link.springer.com/article/10.1186/s12961-022-00925-z","Article"