Item Title,Publication Title,Book Series Title,Journal Volume,Journal Issue,Item DOI,Authors,Publication Year,URL,Content Type
"An AI-based Decision Support System for Predicting Mental Health Disorders","Information Systems Frontiers","","","","10.1007/s10796-022-10282-5","Salih TutunMarina E. JohnsonAbdulaziz AhmedAbdullah AlbizriSedat IrgilIlker YesilkayaEsma Nur UcarTanalp SengunAntoine Harfouche","2022","http://link.springer.com/article/10.1007/s10796-022-10282-5","Article"
"COVID-19 related fear and mental health in Indian sample: The buffering effect of support system","Current Psychology","","41","1","10.1007/s12144-021-01694-8","Alina SuhailKaiser Ahmad DarNaved Iqbal","2022","http://link.springer.com/article/10.1007/s12144-021-01694-8","Article"
"Abstracts from the 2022 Annual Meeting of the Society of General Internal Medicine","Journal of General Internal Medicine","","37","2","10.1007/s11606-022-07653-8","","2022","http://link.springer.com/article/10.1007/s11606-022-07653-8","Article"
"Exploring the multidimensional relationships between social media support, social confidence, perceived media credibility and life attitude during the COVID-19 pandemic","Current Psychology","","41","6","10.1007/s12144-022-03238-0","Xiaoquan PanYiqun Luo","2022","http://link.springer.com/article/10.1007/s12144-022-03238-0","Article"
"RSSDI Clinical Practice Recommendations for the Management of Type 2 Diabetes Mellitus 2022","International Journal of Diabetes in Developing Countries","","42","1","10.1007/s13410-022-01129-5","","2022","http://link.springer.com/article/10.1007/s13410-022-01129-5","Article"
"Public wellbeing analytics framework using social media chatter data","Social Network Analysis and Mining","","12","1","10.1007/s13278-022-00987-5","Heba IsmailM. Adel SerhaniNada HussienRawan ElabyadAlramzana Navaz","2022","http://link.springer.com/article/10.1007/s13278-022-00987-5","Article"
"Synthesis of Affective Expressions and Artificial Intelligence to Discover Mental Distress in Online Community","International Journal of Mental Health and Addiction","","","","10.1007/s11469-022-00966-z","Anju SinghJaspreet Singh","2022","http://link.springer.com/article/10.1007/s11469-022-00966-z","Article"
"‘He was a brilliant student but became mad like his grandfather’: an exploratory investigation on the social perception and stigma against individuals living with mental health problems in Bangladesh","BMC Psychiatry","","22","1","10.1186/s12888-022-04359-3","Tunvir Ahamed ShohelNishad NasrinFariha FarjanaTaufiq-E-Ahmed ShovoAisha Rahman AshaMorsheda Akter HemeAshraful IslamPranto PaulMd. Tanvir Hossain","2022","http://link.springer.com/article/10.1186/s12888-022-04359-3","Article"
"Abstracts of the 18th Congress of the European Geriatric Medicine Society","European Geriatric Medicine","","13","1","10.1007/s41999-022-00711-8","","2022","http://link.springer.com/article/10.1007/s41999-022-00711-8","Article"
"Mental health and spiritual well-being in humanitarian crises: the role of faith communities providing spiritual and psychosocial support during the COVID-19 pandemic","Journal of International Humanitarian Action","","7","1","10.1186/s41018-022-00127-w","Ellen GoodwinKathryn Kraft","2022","http://link.springer.com/article/10.1186/s41018-022-00127-w","Article"
"50th ESCP Symposium on Clinical Pharmacy, Polypharmacy and ageing - highly individualized, interprofessional, person-centered care","International Journal of Clinical Pharmacy","","44","6","10.1007/s11096-022-01521-5","","2022","http://link.springer.com/article/10.1007/s11096-022-01521-5","Article"
"Exploration of the impact of the COVID-19 pandemic on the mental health of home health care workers in Japan: a multicenter cross-sectional web-based survey","BMC Primary Care","","23","1","10.1186/s12875-022-01745-4","Jun HamanoHirokazu TachikawaSho TakahashiSaori EkoyamaHiroka NagaokaSachiko OzoneShoichi MasumotoTakahiro HosoiTetsuaki Arai","2022","http://link.springer.com/article/10.1186/s12875-022-01745-4","Article"
"Factors affecting anxiety and depression during the first wave of the COVID-19 pandemic: a cross-sectional study of three different populations","The Egyptian Journal of Neurology, Psychiatry and Neurosurgery","","58","1","10.1186/s41983-022-00510-9","Cemile Hurrem Ayhan-BalikSeda KarakayaFatma Yasemin Kutlu","2022","http://link.springer.com/article/10.1186/s41983-022-00510-9","Article"
"Mental health outcomes and workplace quality of life among South African pharmacists during the COVID-19 pandemic: a cross-sectional study","Journal of Pharmaceutical Policy and Practice","","15","1","10.1186/s40545-022-00463-7","Sherishka DhindayalMarothi P. LetsoaloTanuja N. Gengiah","2022","http://link.springer.com/article/10.1186/s40545-022-00463-7","Article"
"Prevalence of depression and anxiety among general population in Pakistan during COVID-19 lockdown: An online-survey","Current Psychology","","","","10.1007/s12144-022-02815-7","Irfan UllahSajjad AliFarzana AshrafYasir HakimIftikhar AliArslan Rahat UllahVijay Kumar ChattuAmir H. Pakpour","2022","http://link.springer.com/article/10.1007/s12144-022-02815-7","Article"
"Proceedings of the 14th Annual Conference on the Science of Dissemination and Implementation in Health","Implementation Science","","17","1","10.1186/s13012-022-01210-x","","2022","http://link.springer.com/article/10.1186/s13012-022-01210-x","Article"
"No one can see me cry: understanding mental health issues for Black and minority ethnic staff in higher education","Higher Education","","83","1","10.1007/s10734-020-00636-w","Jason Arday","2022","http://link.springer.com/article/10.1007/s10734-020-00636-w","Article"
"Building a Community Based Mental Health Program for Adolescents in Botswana: Stakeholder Feedback","Community Mental Health Journal","","58","6","10.1007/s10597-021-00915-5","Merrian J. BrooksBathusi K. PhetogoHannah SchwennesenOnkemetse PhoiOntibile TshumeMogomotsi MatshabaElizabeth Lowenthal","2022","http://link.springer.com/article/10.1007/s10597-021-00915-5","Article"
"Understanding the conversation around COVID-19 and eating disorders: A thematic analysis of Reddit","Journal of Eating Disorders","","10","1","10.1186/s40337-022-00530-z","Ashleigh N. ShieldsElise TaylorJessica R. Welch","2022","http://link.springer.com/article/10.1186/s40337-022-00530-z","Article"
"COVID-19 impact on mental health, healthcare access and social wellbeing – a black community needs assessment","International Journal for Equity in Health","","21","1","10.1186/s12939-022-01743-z","Olihe OkoroElyse Carter VosenKay AllenJanet KennedyRenee RobertsTaiwo Aremu","2022","http://link.springer.com/article/10.1186/s12939-022-01743-z","Article"
"ECR 2022 Book of Abstracts","Insights into Imaging","","13","4","10.1186/s13244-022-01337-x","","2022","http://link.springer.com/article/10.1186/s13244-022-01337-x","Article"
"21st ISoP Annual Meeting “A New Era of Pharmacovigilance: Challenges and Opportunities” 20–23 September 2022 Verona, Italy","Drug Safety","","45","10","10.1007/s40264-022-01219-7","","2022","http://link.springer.com/article/10.1007/s40264-022-01219-7","Article"
"Abstracts of the 52nd Annual Conference of the Italian Society of Neurology","Neurological Sciences","","43","1","10.1007/s10072-022-06531-9","","2022","http://link.springer.com/article/10.1007/s10072-022-06531-9","Article"
"Operationalizing the distribution of oral HIV self-testing kits to men who have sex with men (MSM) in a highly homophobic environment: the Nigerian experience","BMC Public Health","","22","1","10.1186/s12889-021-12378-0","Adekemi SekoniWaimar TunOsasuyi DirisuTemitope Ladi-AkinyemiElizabeth ShoyemiSylvia AdebajoFolasade OgunsolaLung Vu","2022","http://link.springer.com/article/10.1186/s12889-021-12378-0","Article"
"Leveraging big data analytics in healthcare enhancement: trends, challenges and opportunities","Multimedia Systems","","28","4","10.1007/s00530-020-00736-8","Arshia RehmanSaeeda NazImran Razzak","2022","http://link.springer.com/article/10.1007/s00530-020-00736-8","Article"
"Low Psychological Well-being in Men Who Have Sex with Men (MSM) During the Shelter-in-Place Orders to Prevent the COVID-19 Spread: Results from a Nationwide Study","Sexuality Research and Social Policy","","19","1","10.1007/s13178-021-00550-5","Emerson Lucas Silva CamargoBruna Isabela Adolpho de OliveiraIgor Fessina SiffoniAnderson Reis de SousaJules Ramon Brito TeixeiraIsabel Amélia Costa MendesÁlvaro Francisco Lopes de Sousa","2022","http://link.springer.com/article/10.1007/s13178-021-00550-5","Article"
"A framework for information technology-based management against COVID-19 in Iran","BMC Public Health","","22","1","10.1186/s12889-022-12781-1","Afsoon AsadzadehZeinab MohammadzadehZahra FathifarSoheila Jahangiri-MirshekarlouPeyman Rezaei-Hachesu","2022","http://link.springer.com/article/10.1186/s12889-022-12781-1","Article"
"Intimate Partner Violence and COVID-19 in Rural, Remote, and Northern Canada: Relationship, Vulnerability and Risk","Journal of Family Violence","","37","5","10.1007/s10896-020-00212-x","Pertice MoffittWendy AujlaCrystal J. GiesbrechtIsabel GrantAnna-Lee Straatman","2022","http://link.springer.com/article/10.1007/s10896-020-00212-x","Article"
"Latent profile analysis of COVID-19 fear, depression, anxiety, stress, mindfulness, and resilience","Current Psychology","","41","1","10.1007/s12144-021-01667-x","İlhan YalçınNesime CanÖykü Mançe ÇalışırSeher YalçınBurçin Çolak","2022","http://link.springer.com/article/10.1007/s12144-021-01667-x","Article"
"Intolerance of Uncertainty, Looming Cognitive Style, and Avoidant Coping as Predictors of Anxiety and Depression During COVID-19: a Longitudinal Study","International Journal of Cognitive Therapy","","15","1","10.1007/s41811-021-00123-9","Nicolette D. CarnahanMichele M. CarterTracy Sbrocco","2022","http://link.springer.com/article/10.1007/s41811-021-00123-9","Article"
"Psychological health status among thyroid cancer patients during the COVID-19 epidemic in China","Supportive Care in Cancer","","30","3","10.1007/s00520-021-06624-9","Shijie YangJinhui WangXiequn Xu","2022","http://link.springer.com/article/10.1007/s00520-021-06624-9","Article"
"The association between social determinants of health and psychological distress during the COVID-19 pandemic: a secondary analysis among four racial/ethnic groups","BMC Public Health","","22","1","10.1186/s12889-022-14486-x","Yan LuoQingyi LiHaelim JeongLeah Cheatham","2022","http://link.springer.com/article/10.1186/s12889-022-14486-x","Article"
"Machine and cognitive intelligence for human health: systematic review","Brain Informatics","","9","1","10.1186/s40708-022-00153-9","Xieling ChenGary ChengFu Lee WangXiaohui TaoHaoran XieLingling Xu","2022","http://link.springer.com/article/10.1186/s40708-022-00153-9","Article"
"AUGS/IUGA Scientific Meeting 2022","International Urogynecology Journal","","33","2","10.1007/s00192-022-05295-2","","2022","http://link.springer.com/article/10.1007/s00192-022-05295-2","Article"
"Analysis of mHealth research: mapping the relationship between mobile apps technology and healthcare during COVID-19 outbreak","Globalization and Health","","18","1","10.1186/s12992-022-00856-y","Dina M. El-SherifMohamed Abouzid","2022","http://link.springer.com/article/10.1186/s12992-022-00856-y","Article"
"Application of Mathematical Modeling in Prediction of COVID-19 Transmission Dynamics","Arabian Journal for Science and Engineering","","47","8","10.1007/s13369-021-06419-4","Ali AlArjaniMd Taufiq NasseefSanaa M. KamalB. V. Subba RaoMufti MahmudMd Sharif Uddin","2022","http://link.springer.com/article/10.1007/s13369-021-06419-4","Article"
"15th Congress of the European Association for Clinical Pharmacology and Therapeutics (EACPT)","European Journal of Clinical Pharmacology","","78","1","10.1007/s00228-022-03333-y","","2022","http://link.springer.com/article/10.1007/s00228-022-03333-y","Article"
"The fear of COVID-19 and job insecurity impact on depression and anxiety: An empirical study in China in the COVID-19 pandemic aftermath","Current Psychology","","","","10.1007/s12144-022-02883-9","Akmal KhudaykulovZheng ChangjunBojan ObrenovicDanijela GodinicHussain Zaid H. AlsharifIlimdorjon Jakhongirov","2022","http://link.springer.com/article/10.1007/s12144-022-02883-9","Article"
"Facebook and the Covid-19 Crisis: Building Solidarity Through Community Feeling","Human Arenas","","5","4","10.1007/s42087-020-00171-1","Rimi Nandy","2022","http://link.springer.com/article/10.1007/s42087-020-00171-1","Article"
"Rapidly adapting an effective health promoting intervention for older adults—choose to move—for virtual delivery during the COVID-19 pandemic","BMC Public Health","","22","1","10.1186/s12889-022-13547-5","Samantha M. GrayThea FrankeJoanie Sims-GouldHeather A. McKay","2022","http://link.springer.com/article/10.1186/s12889-022-13547-5","Article"
"What affects timely linkage to HIV Care for Young Men of Color who have sex with Men? Young Men’s Experiences Accessing HIV Care after Seroconverting","AIDS and Behavior","","26","12","10.1007/s10461-022-03727-0","Jeremy T. GoldbachMichele D. Kipke PhD","2022","http://link.springer.com/article/10.1007/s10461-022-03727-0","Article"
"Perspectives of Transgender Women Toward Study Recruitment and Retention: Thematic Analysis from Thailand","Sexuality Research and Social Policy","","19","2","10.1007/s13178-021-00579-6","Pich SeekaewRena JanumnuaysookSita LujintanonPraditporn PongtriangSiriporn NonnoiPiranun HongchookaitSumitr TongmuangPraphan PhanuphakNittaya Phanuphak","2022","http://link.springer.com/article/10.1007/s13178-021-00579-6","Article"
"Understanding and Supporting Informal Cancer Caregivers","Current Treatment Options in Oncology","","23","4","10.1007/s11864-022-00955-3","Alex Molassiotis RN, PhDMian Wang RN, MN, BMed","2022","http://link.springer.com/article/10.1007/s11864-022-00955-3","Article"
"Abstracts of the ICARE 2022 76th SIAARTI National Congress","Journal of Anesthesia, Analgesia and Critical Care","","2","1","10.1186/s44158-022-00070-7","","2022","http://link.springer.com/article/10.1186/s44158-022-00070-7","Article"
"Domestic violence during the COVID-19 confinement: do victims feel more socially isolated?","Archives of Public Health","","80","1","10.1186/s13690-021-00765-3","Sabine DrieskensElise BraekmanKarin De RidderLydia GisleRana CharafeddineLize HermansStefaan Demarest","2022","http://link.springer.com/article/10.1186/s13690-021-00765-3","Article"
"Community perspectives on addressing and responding to HIV-testing, pre-exposure prophylaxis (PrEP) and post-exposure prophylaxis (PEP) among African, Caribbean and Black (ACB) people in Ontario, Canada","BMC Public Health","","22","1","10.1186/s12889-022-13093-0","Josephine EtowaWangari TharaoLawrence MbuagbawShamara BaidoobonsoIlene HymanSuzanne ObiorahMuna AdenEgbe B. EtowaAkalewold GebremeskelMedys KihemboLaRon NelsonWinston Husbands","2022","http://link.springer.com/article/10.1186/s12889-022-13093-0","Article"
"HIV Prevention Research Experiences Among Men Who Have Sex With Men and Transgender Persons of Color","Journal of Racial and Ethnic Health Disparities","","","","10.1007/s40615-022-01340-4","Aparna AlankarJamir TutenTravis LoveJennifer PunsalShobha SwaminathanAmesika N. Nyaku","2022","http://link.springer.com/article/10.1007/s40615-022-01340-4","Article"
"Facilitators and Barriers When Conducting Adult Health Programs Within the African American Church: A Systematic Review","Journal of Religion and Health","","","","10.1007/s10943-022-01532-6","Eduardo GandaraIdethia Shevon HarveyMargaret FosterWen LuoLisako McKyerJim BurdineDenise Martinez","2022","http://link.springer.com/article/10.1007/s10943-022-01532-6","Article"
"Engaging local youths in humanitarian response is not a matter of if but how","Journal of International Humanitarian Action","","7","1","10.1186/s41018-022-00118-x","Abigael ApolloMarcellus Forh Mbah","2022","http://link.springer.com/article/10.1186/s41018-022-00118-x","Article"
"Abstracts of the 88th Annual Meeting of the German Society for Experimental and Clinical Pharmacology and Toxicology (DGPT)","Naunyn-Schmiedeberg's Archives of Pharmacology","","395","1","10.1007/s00210-022-02205-7","","2022","http://link.springer.com/article/10.1007/s00210-022-02205-7","Article"
"Alarm fatigue and moral distress in ICU nurses in COVID-19 pandemic","BMC Nursing","","21","1","10.1186/s12912-022-00909-y","Neda AsadiFatemeh SalmaniNarges AsgariMahin Salmani","2022","http://link.springer.com/article/10.1186/s12912-022-00909-y","Article"