Item Title,Publication Title,Book Series Title,Journal Volume,Journal Issue,Item DOI,Authors,Publication Year,URL,Content Type
"Abstracts from the 2022 Annual Meeting of the Society of General Internal Medicine","Journal of General Internal Medicine","","37","2","10.1007/s11606-022-07653-8","","2022","http://link.springer.com/article/10.1007/s11606-022-07653-8","Article"
"A Latent Profile Analysis for the Study of Multiple Screen Addiction, Mobile Social Gaming Addiction, General Mattering, and Family Sense of Belonging in University Students","International Journal of Mental Health and Addiction","","","","10.1007/s11469-022-00816-y","Mustafa SaritepeciHatice Yildiz DurakNilüfer Atman Uslu","2022","http://link.springer.com/article/10.1007/s11469-022-00816-y","Article"
"Work-Life Balance and Mental Health Needs of Health Professionals During COVID-19 Pandemic in Turkey","International Journal of Mental Health and Addiction","","20","1","10.1007/s11469-021-00717-6","Duygu AyarMehmet A. KaramanRüveyda Karaman","2022","http://link.springer.com/article/10.1007/s11469-021-00717-6","Article"
"Smartphone addiction and its associated factors among freshmen medical students in China: a cross-sectional study","BMC Psychiatry","","22","1","10.1186/s12888-022-03957-5","Huan LiuZhiqing ZhouErgang ZhuLong HuangMing Zhang","2022","http://link.springer.com/article/10.1186/s12888-022-03957-5","Article"
"Interventions to Optimise Mental Health Outcomes During the COVID-19 Pandemic: A Scoping Review","International Journal of Mental Health and Addiction","","20","5","10.1007/s11469-021-00558-3","Jacqueline SafiehJohn BroughanGeoff McCombeNiamh McCarthyTimothy FrawleyAllys GuerandelJohn S. LambertWalter Cullen","2022","http://link.springer.com/article/10.1007/s11469-021-00558-3","Article"
"Physical Activity and Exercise Addiction During the Covid-19 Pandemic in Italy","International Journal of Mental Health and Addiction","","","","10.1007/s11469-022-00815-z","Franca CeciFrancesco Di CarloJulius BurkauskasAnatolia SaloneIlaria De LucaDorotea CicconcelliValentina GiorgettiIrene La FrattaAntonino TodaroPierluigi SimonatoGiovanni MartinottiMassimo di GiannantonioOrnella Corazza","2022","http://link.springer.com/article/10.1007/s11469-022-00815-z","Article"
"Is the Global Pandemic Driving Me Crazy? The Relationship Between Personality Traits, Fear of Missing Out, and Social Media Fatigue During the COVID-19 Pandemic in Nigeria","International Journal of Mental Health and Addiction","","","","10.1007/s11469-021-00723-8","Jola-ade AshiruDokun OluwajanaOghenerume Shabeth Biabor","2022","http://link.springer.com/article/10.1007/s11469-021-00723-8","Article"
"Abstracts of the 18th Congress of the European Geriatric Medicine Society","European Geriatric Medicine","","13","1","10.1007/s41999-022-00711-8","","2022","http://link.springer.com/article/10.1007/s41999-022-00711-8","Article"
"Spontaneously generated online patient experience data - how and why is it being used in health research: an umbrella scoping review","BMC Medical Research Methodology","","22","1","10.1186/s12874-022-01610-z","Julia WalshChristine DwumfourJonathan CaveFrances Griffiths","2022","http://link.springer.com/article/10.1186/s12874-022-01610-z","Article"
"Effects of the COVID-19 lockdown on mental health in a UK student sample","BMC Psychology","","10","1","10.1186/s40359-022-00732-9","J. C. CatlingA. BayleyZ. BegumC. WardzinskiA. Wood","2022","http://link.springer.com/article/10.1186/s40359-022-00732-9","Article"
"Synthesis of Affective Expressions and Artificial Intelligence to Discover Mental Distress in Online Community","International Journal of Mental Health and Addiction","","","","10.1007/s11469-022-00966-z","Anju SinghJaspreet Singh","2022","http://link.springer.com/article/10.1007/s11469-022-00966-z","Article"
"Validation of the Arabic version of the modified Yale Food Addiction Scale in the general population in Lebanon","Journal of Eating Disorders","","10","1","10.1186/s40337-022-00638-2","Souheil HallitAnna Brytek-MateraDiana MalaebSahar Obeid","2022","http://link.springer.com/article/10.1186/s40337-022-00638-2","Article"
"Impact of Social Distancing on the Mental Health of Parents and Children in Qatar","International Journal of Mental Health and Addiction","","20","5","10.1007/s11469-021-00555-6","Mohamed AbdelrahmanDuaa Al-AdwanYoussef Hasan","2022","http://link.springer.com/article/10.1007/s11469-021-00555-6","Article"
"Smartphone addiction in children: patterns of use and musculoskeletal discomfort during the COVID-19 pandemic in Iran","BMC Pediatrics","","22","1","10.1186/s12887-022-03748-7","Hamid Reza MokhtariniaMaryam Heydari TorkamaniOzra FarmaniAkbar BiglarianCharles Philip Gabel","2022","http://link.springer.com/article/10.1186/s12887-022-03748-7","Article"
"Cyberchondria and COVID-19 anxiety and internet addiction among nursing students","Current Psychology","","","","10.1007/s12144-022-04057-z","Ceren Varer AkpinarAliye MandiraciogluSafiye OzvurmazFatma KurtNazife Koc","2022","http://link.springer.com/article/10.1007/s12144-022-04057-z","Article"
"The role of loneliness and aggression on smartphone addiction among university students","Current Psychology","","","","10.1007/s12144-022-03018-w","Fatma Gizem Karaoglan YilmazUmmuhan AvciRamazan Yilmaz","2022","http://link.springer.com/article/10.1007/s12144-022-03018-w","Article"
"Physical Activity and Sedentary Behavior in Children During the COVID-19 Pandemic: Implications for Mental Health","Current Psychiatry Reports","","24","10","10.1007/s11920-022-01366-9","Betty PfefferbaumRichard L. Van Horn","2022","http://link.springer.com/article/10.1007/s11920-022-01366-9","Article"
"25th IFSO World Congress Silver Anniversary","Obesity Surgery","","32","2","10.1007/s11695-022-06204-8","Ashley Ferrell","2022","http://link.springer.com/article/10.1007/s11695-022-06204-8","Article"
"Mental Health Screening for COVID-19: a Proposed Cutoff Score for the Greek Version of the Fear of COVID-19 Scale (FCV-19S)","International Journal of Mental Health and Addiction","","20","2","10.1007/s11469-020-00414-w","V. A. NikopoulouV. HolevaEleni ParlapaniP. KaramouziP. VoitsidisG. N. PorfyriA. BlekasK. PapigkiotiS. PatsialaI. Diakogiannis","2022","http://link.springer.com/article/10.1007/s11469-020-00414-w","Article"
"Expanding access to substance use services and mental health care for people with HIV in Alabama, a technology readiness assessment using a mixed methods approach","BMC Health Services Research","","22","1","10.1186/s12913-022-08280-z","Ellen F. EatonKaylee BurganGreer McCollumSera LevyJames WilligMichael J. MugaveroSushanth ReddyEric WallaceTom CregerStefan BaralSusanne FoggerKaren Cropsey","2022","http://link.springer.com/article/10.1186/s12913-022-08280-z","Article"
"Freely Compelled, Compulsively Free: a Critical Pastoral Approach to Addiction","Pastoral Psychology","","71","1","10.1007/s11089-021-00965-2","Isaac Bernard Horwedel","2022","http://link.springer.com/article/10.1007/s11089-021-00965-2","Article"
"Examination of non-cognitive variables affecting academic achievement: a conceptual model proposal","Quality & Quantity","","","","10.1007/s11135-022-01580-w","Hatice Yildiz DurakZeynep Şimşir GökalpTolga SekiMustafa SaritepeciBülent Dilmaç","2022","http://link.springer.com/article/10.1007/s11135-022-01580-w","Article"
"The perceptions of social media users of digital detox apps considering personality traits","Education and Information Technologies","","27","7","10.1007/s10639-022-11022-7","Vinh T. Nguyen","2022","http://link.springer.com/article/10.1007/s10639-022-11022-7","Article"
"Can South Asian Countries Cope with the Mental Health Crisis Associated with COVID-19?","International Journal of Mental Health and Addiction","","20","4","10.1007/s11469-021-00491-5","Md Aslam MiaMark D. Griffiths","2022","http://link.springer.com/article/10.1007/s11469-021-00491-5","Article"
"Neural cue-reactivity in pathological gambling as evidence for behavioral addiction: a systematic review","Current Psychology","","","","10.1007/s12144-022-03915-0","Javier García-CastroAna CancelaMiguel A. M. Cárdaba","2022","http://link.springer.com/article/10.1007/s12144-022-03915-0","Article"
"The Relationship Between Age and Mental Health Among Adults in Iran During the COVID-19 Pandemic","International Journal of Mental Health and Addiction","","20","5","10.1007/s11469-021-00571-6","Jiyao ChenStephen X. ZhangYifei WangAsghar Afshar JahanshahiMaryam Mokhtari DinaniAbbas Nazarian MadavaniKhaled Nawaser","2022","http://link.springer.com/article/10.1007/s11469-021-00571-6","Article"
"Personality Antecedents and Consequences of Internet Addiction Vis-à-vis Internet Habit: a Theory and an Empirical Investigation","Information Systems Frontiers","","24","2","10.1007/s10796-021-10110-2","Jungwon KuemSoumya Ray","2022","http://link.springer.com/article/10.1007/s10796-021-10110-2","Article"
"21st ISoP Annual Meeting “A New Era of Pharmacovigilance: Challenges and Opportunities” 20–23 September 2022 Verona, Italy","Drug Safety","","45","10","10.1007/s40264-022-01219-7","","2022","http://link.springer.com/article/10.1007/s40264-022-01219-7","Article"
"Online Learning Satisfaction and Internet Addiction During Covid-19 Pandemic: A Two-Wave Longitudinal Study","TechTrends","","66","5","10.1007/s11528-022-00697-x","Metin BesaltiSeydi Ahmet Satici","2022","http://link.springer.com/article/10.1007/s11528-022-00697-x","Article"
"Johann Hari, Chasing the Scream: The Search for the Truth About Addiction","Society","","59","4","10.1007/s12115-022-00745-5","Susanne MacGregor","2022","http://link.springer.com/article/10.1007/s12115-022-00745-5","Article"
"World Congress on Osteoporosis, Osteoarthritis and Musculoskeletal Diseases (WCO-IOF-ESCEO 2022)","Aging Clinical and Experimental Research","","34","1","10.1007/s40520-022-02147-3","","2022","http://link.springer.com/article/10.1007/s40520-022-02147-3","Article"
"Detection and moderation of detrimental content on social media platforms: current status and future directions","Social Network Analysis and Mining","","12","1","10.1007/s13278-022-00951-3","Vaishali U. GonganeMousami V. MunotAlwin D. Anuse","2022","http://link.springer.com/article/10.1007/s13278-022-00951-3","Article"
"Abstracts of the 52nd Annual Conference of the Italian Society of Neurology","Neurological Sciences","","43","1","10.1007/s10072-022-06531-9","","2022","http://link.springer.com/article/10.1007/s10072-022-06531-9","Article"
"Transition from Military Service: Mental Health and Well-being Among Service Members and Veterans with Service-connected Disabilities","The Journal of Behavioral Health Services & Research","","49","3","10.1007/s11414-021-09778-w","Gary R. Bond PhDMonirah Al-Abdulmunem MSRobert E. Drake MD, PhDLori L. Davis MDThomas Meyer MBADaniel M. Gade PhDB. Christopher Frueh PhDRoss B. Dickman MBADaniel R. Ressler BA","2022","http://link.springer.com/article/10.1007/s11414-021-09778-w","Article"
"Concerns among people who use opioids during the COVID-19 pandemic: a natural language processing analysis of social media posts","Substance Abuse Treatment, Prevention, and Policy","","17","1","10.1186/s13011-022-00442-w","Abeed SarkerNisha NatarajWesley SiuSabrina LiChristopher M. JonesSteven A. Sumner","2022","http://link.springer.com/article/10.1186/s13011-022-00442-w","Article"
"The state of social science research on COVID-19","Scientometrics","","127","1","10.1007/s11192-021-04206-4","Yan-Li LiuWen-Juan YuanShao-Hong Zhu","2022","http://link.springer.com/article/10.1007/s11192-021-04206-4","Article"
"Stigma and Discrimination: the Twain Impact on Mental Health During COVID-19 Pandemic","Trends in Psychology","","","","10.1007/s43076-022-00179-2","Shakti ChaturvediRani SusmithaDeepika NayakGanesh DigalTushar Singh","2022","http://link.springer.com/article/10.1007/s43076-022-00179-2","Article"
"Proceedings of the 14th Annual Conference on the Science of Dissemination and Implementation in Health","Implementation Science","","17","1","10.1186/s13012-022-01210-x","","2022","http://link.springer.com/article/10.1186/s13012-022-01210-x","Article"
"Problematic internet use and its association with sleep disturbance and life satisfaction among Palestinians during the COVID-19 pandemic","Current Psychology","","41","11","10.1007/s12144-021-02124-5","Fayez Azez MahamidDenise Ziya BerteDana Bdier","2022","http://link.springer.com/article/10.1007/s12144-021-02124-5","Article"
"Fear of COVID-19 Scale for Hospital Staff in Regional Hospitals in Mexico: a Brief Report","International Journal of Mental Health and Addiction","","20","2","10.1007/s11469-020-00413-x","Benjamín García-ReynaGilberto Daniel Castillo-GarcíaFrancisco José Barbosa-CamachoGuillermo Alonso Cervantes-CardonaEnrique Cervantes-PérezBlanca Miriam Torres-MendozaClotilde Fuentes-OrozcoKevin Josue Pintor-BelmontesBertha Georgina Guzmán-RamírezAldo Bernal-HernándezAlejandro González-OjedaGabino Cervantes-Guevara","2022","http://link.springer.com/article/10.1007/s11469-020-00413-x","Article"
"The impact of the COVID-19 pandemic on individuals with generalized anxiety disorder: assessing COVID-19 media source exposure and behaviour changes","BMC Public Health","","22","1","10.1186/s12889-022-14510-0","K. B. AlphonsusF. Abayateye","2022","http://link.springer.com/article/10.1186/s12889-022-14510-0","Article"
"Pseudoscience and fraudulent products for COVID-19 management","Environmental Science and Pollution Research","","29","42","10.1007/s11356-022-21967-4","Vivek P. ChavdaShreya S. SonakNafesa K. MunshiPooja N. Dhamade","2022","http://link.springer.com/article/10.1007/s11356-022-21967-4","Article"
"Psychometric Properties of the Norwegian Version of the Fear of COVID-19 Scale","International Journal of Mental Health and Addiction","","20","3","10.1007/s11469-020-00454-2","M. M. IversenT. M. NorekvålK. OterhalsL. T. FadnesS. MælandA. H. PakpourK. Breivik","2022","http://link.springer.com/article/10.1007/s11469-020-00454-2","Article"
"COVID-19 impact on mental health, healthcare access and social wellbeing – a black community needs assessment","International Journal for Equity in Health","","21","1","10.1186/s12939-022-01743-z","Olihe OkoroElyse Carter VosenKay AllenJanet KennedyRenee RobertsTaiwo Aremu","2022","http://link.springer.com/article/10.1186/s12939-022-01743-z","Article"
"Validation of the French Version of the Fear of COVID-19 Scale and Its Associations with Depression, Anxiety, and Differential Emotions","International Journal of Mental Health and Addiction","","20","4","10.1007/s11469-021-00499-x","Mélody MailliezMark D. GriffithsArnaud Carre","2022","http://link.springer.com/article/10.1007/s11469-021-00499-x","Article"
"‘He was a brilliant student but became mad like his grandfather’: an exploratory investigation on the social perception and stigma against individuals living with mental health problems in Bangladesh","BMC Psychiatry","","22","1","10.1186/s12888-022-04359-3","Tunvir Ahamed ShohelNishad NasrinFariha FarjanaTaufiq-E-Ahmed ShovoAisha Rahman AshaMorsheda Akter HemeAshraful IslamPranto PaulMd. Tanvir Hossain","2022","http://link.springer.com/article/10.1186/s12888-022-04359-3","Article"
"ECR 2022 Book of Abstracts","Insights into Imaging","","13","4","10.1186/s13244-022-01337-x","","2022","http://link.springer.com/article/10.1186/s13244-022-01337-x","Article"
"Intolerance of Uncertainty and Mental Wellbeing: Serial Mediation by Rumination and Fear of COVID-19","International Journal of Mental Health and Addiction","","20","5","10.1007/s11469-020-00305-0","Begum SaticiMehmet SaricaliSeydi Ahmet SaticiMark D. Griffiths","2022","http://link.springer.com/article/10.1007/s11469-020-00305-0","Article"
"Italian Society for the Study of Eating Disorders XV National Congress, Verbania, Italy, 6–8 October 2022","Eating and Weight Disorders - Studies on Anorexia, Bulimia and Obesity","","27","7","10.1007/s40519-022-01468-6","","2022","http://link.springer.com/article/10.1007/s40519-022-01468-6","Article"
"The relationship between mental health and violence toward women during the COVID-19 pandemic","BMC Psychiatry","","22","1","10.1186/s12888-022-04448-3","Najmeh Khatoon ShoaeiNeda AsadiMahin Salmani","2022","http://link.springer.com/article/10.1186/s12888-022-04448-3","Article"
"Intimate Partner Violence and COVID-19 in Rural, Remote, and Northern Canada: Relationship, Vulnerability and Risk","Journal of Family Violence","","37","5","10.1007/s10896-020-00212-x","Pertice MoffittWendy AujlaCrystal J. GiesbrechtIsabel GrantAnna-Lee Straatman","2022","http://link.springer.com/article/10.1007/s10896-020-00212-x","Article"
"Use and Perceptions of Opioids Versus Marijuana among Cancer Survivors","Journal of Cancer Education","","37","1","10.1007/s13187-020-01791-5","Jessica M. PottsBetelihem GetachewMilkie VuEric NehlKatherine A. YeagerCorinne R. LeachCarla J Berg","2022","http://link.springer.com/article/10.1007/s13187-020-01791-5","Article"
"Year 2020: How Will It Impact Identities of Children and Youth over Time?","International Journal of Mental Health and Addiction","","20","3","10.1007/s11469-021-00484-4","Nazilla Khanlou","2022","http://link.springer.com/article/10.1007/s11469-021-00484-4","Article"
"Fear of COVID-19, Mindfulness, Humor, and Hopelessness: A Multiple Mediation Analysis","International Journal of Mental Health and Addiction","","20","4","10.1007/s11469-020-00419-5","Mehmet SaricaliSeydi Ahmet SaticiBegum SaticiEmine Gocet-TekinMark D. Griffiths","2022","http://link.springer.com/article/10.1007/s11469-020-00419-5","Article"
"2022 ACMT Annual Scientific Meeting Abstracts – Virtual","Journal of Medical Toxicology","","18","2","10.1007/s13181-022-00888-1","","2022","http://link.springer.com/article/10.1007/s13181-022-00888-1","Article"
"Validation and Psychometric Evaluation of the Italian Version of the Fear of COVID-19 Scale","International Journal of Mental Health and Addiction","","20","4","10.1007/s11469-020-00277-1","Paolo SoraciAmbra FerrariFrancesco A. AbbiatiElena Del FanteRosanna De PaceAntonino UrsoMark D. Griffiths","2022","http://link.springer.com/article/10.1007/s11469-020-00277-1","Article"
"Effects of COVID-19 Fear on Society’s Quality of Life","International Journal of Mental Health and Addiction","","20","5","10.1007/s11469-021-00550-x","Nur DemirbasRuhusen Kutlu","2022","http://link.springer.com/article/10.1007/s11469-021-00550-x","Article"
"Factors Associated with Distress Among Medical Staff During the Initial Phase of the COVID-19 Pandemic in Peru","International Journal of Mental Health and Addiction","","","","10.1007/s11469-022-00804-2","Jeff Huarcaya-VictoriaAngela PodestáWendoline Rojas","2022","http://link.springer.com/article/10.1007/s11469-022-00804-2","Article"
"Delivering vaping cessation interventions to adolescents and young adults on Instagram: protocol for a randomized controlled trial","BMC Public Health","","22","1","10.1186/s12889-022-14606-7","Joanne Chen LyuSarah S. OlsonDanielle E. RamoPamela M. Ling","2022","http://link.springer.com/article/10.1186/s12889-022-14606-7","Article"
"The Enacted Ethics of Self-injury","Topoi","","41","2","10.1007/s11245-022-09796-z","Zsuzsanna Chappell","2022","http://link.springer.com/article/10.1007/s11245-022-09796-z","Article"
"Domestic violence against women during coronavirus (COVID-19) pandemic lockdown in Egypt: a cross-sectional study","Journal of the Egyptian Public Health Association","","97","1","10.1186/s42506-022-00117-1","Noha M. Abu Bakr ElsaidShaimaa A. ShehataHaydy Hassan SayedHeba Saber MohammedZeinab F. Abdel-Fatah","2022","http://link.springer.com/article/10.1186/s42506-022-00117-1","Article"
"Social and Behavioral Impacts of COVID-19 on People Living with HIV: Review of the First Year of Research","Current HIV/AIDS Reports","","19","1","10.1007/s11904-021-00593-8","Seth C. KalichmanRenee El-Krab","2022","http://link.springer.com/article/10.1007/s11904-021-00593-8","Article"
"Youth vaping: a review and update on global epidemiology, physical and behavioral health risks, and clinical considerations","European Journal of Pediatrics","","181","2","10.1007/s00431-021-04220-x","Timothy D. BeckerTimothy R. Rice","2022","http://link.springer.com/article/10.1007/s00431-021-04220-x","Article"
"Sociodemographic and clinical characteristics of paediatric patients admitted to a neuropsychiatric care hospital in the COVID-19 era","Italian Journal of Pediatrics","","48","1","10.1186/s13052-022-01213-w","Michela GattaAlessia RaffagnatoFederica MasonRachele FasolatoAnnalisa TraversoSilvia ZanatoMarina Miscioscia","2022","http://link.springer.com/article/10.1186/s13052-022-01213-w","Article"
"Comparative analysis of students and faculty level of awareness and knowledge of digital citizenship practices in a distance learning environment: case study","Education and Information Technologies","","27","5","10.1007/s10639-021-10868-7","Mahmoud HawamdehZehra AltınayFahriye AltınayAhmet ArnavutKezban OzansoyIdris Adamu","2022","http://link.springer.com/article/10.1007/s10639-021-10868-7","Article"
"Problematic Pornography Use in China","Current Addiction Reports","","9","2","10.1007/s40429-022-00408-9","Lijun Chen","2022","http://link.springer.com/article/10.1007/s40429-022-00408-9","Article"
"Psychometric Properties of the Arabic Version of the Fear of COVID-19 Scale (FCV-19S) Among Jordanian Adults","International Journal of Mental Health and Addiction","","20","5","10.1007/s11469-021-00574-3","Yasmin Al-ShannaqAnas A. MohammadYousef Khader","2022","http://link.springer.com/article/10.1007/s11469-021-00574-3","Article"
"Technologizing Bronfenbrenner: Neo-ecological Theory","Current Psychology","","","","10.1007/s12144-022-02738-3","Jessica L. NavarroJonathan R. H. Tudge","2022","http://link.springer.com/article/10.1007/s12144-022-02738-3","Article"
"Risk and protective factors related to children’s symptoms of emotional difficulties and hyperactivity/inattention during the COVID-19-related lockdown in France: results from a community sample","European Child & Adolescent Psychiatry","","31","7","10.1007/s00787-021-01752-3","Flore MoulinTarik El-AarbaouiJoel José Herranz BustamanteMégane HéronMurielle Mary-KrauseAlexandra RouquetteCédric GaléraMaria Melchior","2022","http://link.springer.com/article/10.1007/s00787-021-01752-3","Article"
"General psychiatric symptoms among Bangladeshi people approximately one year after the onset of the COVID-19 pandemic","BMC Psychiatry","","22","1","10.1186/s12888-022-04232-3","Rajon BanikMd. Saiful IslamMasruk AhmedKamrun Nahar KolyMahfuza MubarakMahmudur RahmanZu Wei ZhaiMd. Tajuddin SikderMarc N. Potenza","2022","http://link.springer.com/article/10.1186/s12888-022-04232-3","Article"
"The Impact of School Education on Depressive Symptoms in Chinese Adolescents: a Prospective Longitudinal Study","International Journal of Mental Health and Addiction","","","","10.1007/s11469-022-00944-5","Miao QuKun YangHengqin RenLulu WenShuping TanMeihong XiuXiangyang Zhang","2022","http://link.springer.com/article/10.1007/s11469-022-00944-5","Article"
"The COVID-19-Related Lockdown in Qatar: Associations Among Demographics, Social Distancing, Mood Changes, and Quality of Life","International Journal of Mental Health and Addiction","","20","5","10.1007/s11469-021-00536-9","Ahmed M. MegreyaRobert D. LatzmanAisha M. Al-AhmadiNasser F. Al-Dosari","2022","http://link.springer.com/article/10.1007/s11469-021-00536-9","Article"
"Psychological Impact of COVID-19 Among People from the Banking Sector in Bangladesh: a Cross-Sectional Study","International Journal of Mental Health and Addiction","","20","3","10.1007/s11469-020-00456-0","Sabina YasminMuhammad Khairul AlamFerdous Bin AliRajon BanikNahid Salma","2022","http://link.springer.com/article/10.1007/s11469-020-00456-0","Article"
"Adaptation and Validation of the Brazilian Version of the Fear of COVID-19 Scale","International Journal of Mental Health and Addiction","","20","2","10.1007/s11469-020-00415-9","Francisco Roberto Sanchez CavalheiroMarina Greghi Sticca","2022","http://link.springer.com/article/10.1007/s11469-020-00415-9","Article"
"Psychometric Validation of the Bangla Fear of COVID-19 Scale: Confirmatory Factor Analysis and Rasch Analysis","International Journal of Mental Health and Addiction","","20","5","10.1007/s11469-020-00289-x","Najmuj SakibA. K. M. Israfil BhuiyanSahadat HossainFiroj Al MamunIsmail HosenAbu Hasnat AbdullahMd. Abedin SarkerMohammad Sarif MohiuddinIstihak RayhanMoazzem HossainMd. Tajuddin SikderDavid GozalMohammad MuhitS. M. Shariful IslamMark D. GriffithsAmir H. Pakpour","2022","http://link.springer.com/article/10.1007/s11469-020-00289-x","Article"
"A profile analysis of problematic smartphone usage among college students during coronavirus disease 2019: Relations with the impact of news reports","Current Psychology","","","","10.1007/s12144-022-03896-0","Yaru ChenQisheng ZhanBuzohre EliYuqing ZhaoXin HuangZhengkui Liu","2022","http://link.springer.com/article/10.1007/s12144-022-03896-0","Article"
"Network Analysis of Media Exposure and Psychological Outcomes During the Initial Outbreak of COVID-19 in China","International Journal of Mental Health and Addiction","","","","10.1007/s11469-021-00738-1","Shu ZhangTour LiuXiaorui LiuMiao Chao","2022","http://link.springer.com/article/10.1007/s11469-021-00738-1","Article"
"Proceedings of the 28th European Paediatric Rheumatology Congress (PReS 2022)","Pediatric Rheumatology","","20","2","10.1186/s12969-022-00729-z","","2022","http://link.springer.com/article/10.1186/s12969-022-00729-z","Article"
"The Increased Alcohol and Marijuana Use Associated with the Quality of Life and Psychosocial Aspects: a Study During the Covid-19 Pandemic in a Brazilian University Community","International Journal of Mental Health and Addiction","","","","10.1007/s11469-022-00937-4","Andrea Donatti GallassiEduardo Yoshio NakanoKleverson Gomes de MirandaJosenaide Engracia dos SantosDaniela da Silva RodriguesFlávia Mazitelli de Oliveira","2022","http://link.springer.com/article/10.1007/s11469-022-00937-4","Article"
"Word of Mouth from Left-Behind Children in Rural China: Exploring Their Psychological, Academic and Physical Well-being During COVID-19","Child Indicators Research","","15","5","10.1007/s12187-022-09923-7","Chunhai GaoEndale TadesseSabika Khalid","2022","http://link.springer.com/article/10.1007/s12187-022-09923-7","Article"
"Phobic COVID-19 Disorder Scale: Development, Dimensionality, and Item-Structure Test","International Journal of Mental Health and Addiction","","20","5","10.1007/s11469-021-00544-9","Mohd NasirMohd AdilMukesh Kumar","2022","http://link.springer.com/article/10.1007/s11469-021-00544-9","Article"
"Culturally Responsive Opioid and Other Drug Prevention for American Indian/Alaska Native People: a Comparison of Reservation- and Urban-Based Approaches","Prevention Science","","","","10.1007/s11121-022-01396-y","Kelli A. KomroElizabeth J. D‘AmicoDaniel L. DickersonJuli R. SkinnerCarrie L. JohnsonTerrence K. KominskyKathy Etz","2022","http://link.springer.com/article/10.1007/s11121-022-01396-y","Article"
"COVID-19 pandemic experiences of secondary school students in Turkey","Current Psychology","","","","10.1007/s12144-022-03111-0","Hayrunnisa AslanAbdullah Mücahit AslanMeliha Tuzgöl Dost","2022","http://link.springer.com/article/10.1007/s12144-022-03111-0","Article"
"Exploring substance use disorder discussions in Native American communities: a retrospective Twitter infodemiology study","Harm Reduction Journal","","19","1","10.1186/s12954-022-00728-z","Alec J. CalacTiana McMannMingxiang CaiJiawei LiRaphael CuomoTim K. Mackey","2022","http://link.springer.com/article/10.1186/s12954-022-00728-z","Article"
"Health Consequences of Online Social Capital among Middle-Aged and Older Adults in China","Applied Research in Quality of Life","","17","4","10.1007/s11482-021-10033-9","Junfeng JiangJiang Song","2022","http://link.springer.com/article/10.1007/s11482-021-10033-9","Article"
"Gaming in China Before the COVID-19 Pandemic and After the Lifting of Lockdowns: a Nationwide Online Retrospective Survey","International Journal of Mental Health and Addiction","","","","10.1007/s11469-022-00792-3","Qiuxia WuTao LuoJinsong TangYunfei WangZhenzhen WuYueheng LiuWei ChenQijian DengYanhui Liao","2022","http://link.springer.com/article/10.1007/s11469-022-00792-3","Article"
"Tamil Version of the Fear of COVID-19 Scale","International Journal of Mental Health and Addiction","","20","4","10.1007/s11469-021-00525-y","Jaishankar BharatharajMohsen AlyamiMarcus A. HenningHussain AlyamiChristian U. Krägeloh","2022","http://link.springer.com/article/10.1007/s11469-021-00525-y","Article"
"The Fear of COVID-19 Scale: Development and Initial Validation","International Journal of Mental Health and Addiction","","20","3","10.1007/s11469-020-00270-8","Daniel Kwasi AhorsuChung-Ying LinVida ImaniMohsen SaffariMark D. GriffithsAmir H. Pakpour","2022","http://link.springer.com/article/10.1007/s11469-020-00270-8","Article"
"Tobacco Use Among Undergraduates in South-Western Nigeria: a Cross-Sectional Study","International Journal of Mental Health and Addiction","","20","2","10.1007/s11469-020-00397-8","Oluwatomi Funbi OwopetuAyodeji Matthew AdebayoOluwafemi Akinyele Popoola","2022","http://link.springer.com/article/10.1007/s11469-020-00397-8","Article"
"Novel digital approaches to the assessment of problematic opioid use","BioData Mining","","15","1","10.1186/s13040-022-00301-1","Philip J. Freda JrHenry R. KranzlerJason H. Moore","2022","http://link.springer.com/article/10.1186/s13040-022-00301-1","Article"
"Impact of COVID-19 on children","Middle East Current Psychiatry","","29","1","10.1186/s43045-022-00256-3","Ulfat Amin AminAsmat Parveen Parveen","2022","http://link.springer.com/article/10.1186/s43045-022-00256-3","Article"
"Fear of COVID-19 in Romania: Validation of the Romanian Version of the Fear of COVID-19 Scale Using Graded Response Model Analysis","International Journal of Mental Health and Addiction","","20","2","10.1007/s11469-020-00428-4","Elena Stănculescu","2022","http://link.springer.com/article/10.1007/s11469-020-00428-4","Article"
"The Effect of COVID-19 Anxiety on General Health: the Role of COVID-19 Coping","International Journal of Mental Health and Addiction","","20","2","10.1007/s11469-020-00429-3","Murat YıldırımÖmer AkgülEkmel Geçer","2022","http://link.springer.com/article/10.1007/s11469-020-00429-3","Article"
"Exploring e-psychonauts perspectives towards cocaine effects and toxicity","Substance Abuse Treatment, Prevention, and Policy","","17","1","10.1186/s13011-022-00455-5","Sulaf AssiAidan KeenanAbdullah Al Hamid","2022","http://link.springer.com/article/10.1186/s13011-022-00455-5","Article"
"Adaptation of the Bangla Version of the COVID-19 Anxiety Scale","International Journal of Mental Health and Addiction","","20","1","10.1007/s11469-020-00357-2","Oli AhmedRajib Ahmed FaisalTanima SharkerSherman A. LeeMary C. Jobe","2022","http://link.springer.com/article/10.1007/s11469-020-00357-2","Article"
"Socioeconomic Status, Peer Social Capital, and Quality of Life of High School Students During COVID-19: A Mediation Analysis","Applied Research in Quality of Life","","17","5","10.1007/s11482-022-10050-2","Jiayu ZhangLiu HongGaoming Ma","2022","http://link.springer.com/article/10.1007/s11482-022-10050-2","Article"
"Mindfulness for Reducing Minority Stress and Promoting Health Among Sexual Minority Men: Uncovering Intervention Principles and Techniques","Mindfulness","","13","10","10.1007/s12671-022-01973-w","Shufang SunArryn A. GuyDavid G. ZelayaDon Operario","2022","http://link.springer.com/article/10.1007/s12671-022-01973-w","Article"
"A cross-sectional study of factors associated with COVID-19 testing among people who inject drugs: missed opportunities for reaching those most at risk","BMC Public Health","","22","1","10.1186/s12889-022-13273-y","Samantha YeagerDaniela AbramovitzAlicia Yolanda Harvey-VeraCarlos F. VeraAngel Blake AlgarinLaramie Rae SmithGudelia RangelIrina ArtamonovaThomas Leroy PattersonAngela Robertson BazziEmma L. BrugmanSteffanie Ann Strathdee","2022","http://link.springer.com/article/10.1186/s12889-022-13273-y","Article"
"Social capital and wellbeing among Australian adults’ during the COVID-19 pandemic: a qualitative study","BMC Public Health","","22","1","10.1186/s12889-022-14896-x","Heidi GreenRitin FernandezLorna MoxhamCatherine MacPhail","2022","http://link.springer.com/article/10.1186/s12889-022-14896-x","Article"
"Coping strategies, stigmatizing attitude, and cyberbullying among Chinese college students during the COVID-19 lockdown","Current Psychology","","","","10.1007/s12144-022-02874-w","Fan YangJian SunJiaying LiShoujun Lyu","2022","http://link.springer.com/article/10.1007/s12144-022-02874-w","Article"
"Factors associated with a change in smoking habit during the first COVID-19 lockdown: an Italian cross-sectional study among ever-smokers","BMC Public Health","","22","1","10.1186/s12889-022-13404-5","Elena MunariniChiara StivalRoberto BoffiFabio LugoboniChiara VeroneseBiagio TinghinoGianna Maria AgnelliAlessandra LugoSilvano GallusRosaria Giordano","2022","http://link.springer.com/article/10.1186/s12889-022-13404-5","Article"
"Study protocol for a cluster randomized trial of a school, family, and community intervention for preventing drug misuse among older adolescents in the Cherokee Nation","Trials","","23","1","10.1186/s13063-022-06096-0","Kelli A. KomroTerrence K. KominskyJuli R. SkinnerMelvin D. LivingstonBethany J. LivingstonKristin AvanceAshley N. LincolnCaroline M. BarryAndrew L. WalkerDallas W. PettigrewLisa J. MerloHannah L. F. CooperAlexander C. Wagenaar","2022","http://link.springer.com/article/10.1186/s13063-022-06096-0","Article"
"Parents’ Perceptions on the Debated Parenting Practice of Cognitive Enhancement in Healthy Children and Adolescents","Journal of Cognitive Enhancement","","6","3","10.1007/s41465-022-00243-w","Kati HiltropSebastian Sattler","2022","http://link.springer.com/article/10.1007/s41465-022-00243-w","Article"
"Psychometric Evaluation of the Fear of COVID-19 Scale Among Chinese Population","International Journal of Mental Health and Addiction","","20","2","10.1007/s11469-020-00441-7","Xinli ChiShiyun ChenYuying ChenDanying ChenQian YuTianyou GuoQianyu CaoXiaodan ZhengShaojie HuangMd Mahhub HossainBrendon StubbsAlbert YeungLiye Zou","2022","http://link.springer.com/article/10.1007/s11469-020-00441-7","Article"
"Optimizing Outcomes: A Systematic Review of Psychosocial Risk Factors Affecting Perinatal Black/African-American Women with Substance Use Disorder in the United States","Maternal and Child Health Journal","","26","10","10.1007/s10995-022-03503-5","Norma C. Rodriguez de LisenkoHeewon L. GrayJoseph Bohn","2022","http://link.springer.com/article/10.1007/s10995-022-03503-5","Article"
"Building resilience in German primary care practices: a qualitative study","BMC Primary Care","","23","1","10.1186/s12875-022-01834-4","Nicola LitkeAline WeisJan KoetsenruijterValeska FehrerMartina KoeppenStephanie KuemmelJoachim SzecsenyiMichel Wensing","2022","http://link.springer.com/article/10.1186/s12875-022-01834-4","Article"
"Validity and Reliability of the Spanish Version of Fear of COVID-19 Scale in Colombian Physicians","International Journal of Mental Health and Addiction","","20","2","10.1007/s11469-020-00430-w","María Fernanda Mercado-LaraAdalberto Campo-AriasÁlvaro Monterrosa-Castro","2022","http://link.springer.com/article/10.1007/s11469-020-00430-w","Article"
"Socio-psychedelic imaginaries: envisioning and building legal psychedelic worlds in the United States","European Journal of Futures Research","","10","1","10.1186/s40309-022-00199-2","Claudia Schwarz-Plaschg","2022","http://link.springer.com/article/10.1186/s40309-022-00199-2","Article"
"Ancient Roots of Today’s Emerging Renaissance in Psychedelic Medicine","Culture, Medicine, and Psychiatry","","46","4","10.1007/s11013-021-09749-y","Daniel R. GeorgeRyan HansonDarryl WilkinsonAlbert Garcia-Romeu","2022","http://link.springer.com/article/10.1007/s11013-021-09749-y","Article"
"An Exploratory Mixed-method Descriptive Analysis of Youth Coping during the First Wave of the COVID-19 Pandemic in Quebec","Journal of Child & Adolescent Trauma","","","","10.1007/s40653-022-00505-x","Martine HébertArianne Jean-ThornKatherine Malchelosse","2022","http://link.springer.com/article/10.1007/s40653-022-00505-x","Article"
"The Ministry of Religious Congregations to People Affected by the SARS-CoV-2 Coronavirus in Poland: Geographies of Care During the COVID-19 Pandemic","Journal of Religion and Health","","61","3","10.1007/s10943-022-01570-0","Franciszek MrózPiotr Roszak","2022","http://link.springer.com/article/10.1007/s10943-022-01570-0","Article"
"Prevalence and predictors of nomophobia among the general population in two middle eastern countries","BMC Psychiatry","","22","1","10.1186/s12888-022-04168-8","Hassan AlwafiAbdallah Y. NaserAbdulelah M. AldhahirAlaa Idrees FataniRahaf Awaili AlharbiKhawlah Ghazi AlharbiBraah Ali AlmutwakkilEmad SalawatiRakan EkramMohammed SamannodiMohammed A. AlmatrafiWael RammalHamza AssaggafJumanah T. QedairAbdullah A. Al QurashiAfnan Alqurashi","2022","http://link.springer.com/article/10.1186/s12888-022-04168-8","Article"
"Parenting style and its effect on eating disorders and substance abuse across the young population","Discover Psychology","","2","1","10.1007/s44202-022-00025-7","Shalina RamsewakNumrata MotyManish PutteerajJhoti SomanahLoung-Poorunder Nirmala","2022","http://link.springer.com/article/10.1007/s44202-022-00025-7","Article"
"A study on the sentiments and psychology of twitter users during COVID-19 lockdown period","Multimedia Tools and Applications","","81","19","10.1007/s11042-021-11004-w","Ishaani PriyadarshiniPinaki MohantyRaghvendra KumarRohit SharmaVikram PuriPradeep Kumar Singh","2022","http://link.springer.com/article/10.1007/s11042-021-11004-w","Article"
"Abstracts of the ICARE 2022 76th SIAARTI National Congress","Journal of Anesthesia, Analgesia and Critical Care","","2","1","10.1186/s44158-022-00070-7","","2022","http://link.springer.com/article/10.1186/s44158-022-00070-7","Article"
"Studying patterns and predictors of HIV viral suppression using A Big Data approach: a research protocol","BMC Infectious Diseases","","22","1","10.1186/s12879-022-07047-5","Jiajia ZhangBankole OlatosiXueying YangSharon WeissmanZhenlong LiJianjun HuXiaoming Li","2022","http://link.springer.com/article/10.1186/s12879-022-07047-5","Article"
"The continuum of art and rheumatology: a discernment of mutual inclusivity","Rheumatology International","","42","4","10.1007/s00296-022-05092-6","Swapna VijayanKamakshi BansalAshish GoelSouhail OuardouzArvind NuneLatika Gupta","2022","http://link.springer.com/article/10.1007/s00296-022-05092-6","Article"
"Occupational burnout in Iranian health care workers during the COVID-19 pandemic","BMC Psychiatry","","22","1","10.1186/s12888-022-04014-x","Mahsa KamaliMarzieh AziziMahmood MoosazadehHossein MehravaranRoya GhasemianMaryam Hasannezhad ReskatiForouzan Elyasi","2022","http://link.springer.com/article/10.1186/s12888-022-04014-x","Article"
"Study protocol of a randomized controlled trial comparing two linkage models for HIV prevention and treatment in justice-involved persons","BMC Infectious Diseases","","22","1","10.1186/s12879-022-07354-x","Sandra A. SpringerAnk E. NijhawanKevin KnightIrene KuoAngela Di PaolaEsther SchlossbergCynthia A. FrankMark SanchezJennifer PankowRandi P. ProffittWayne LehmanZoe PulitzerKelly ThompsonSandra VioletteKathleen K. Harding","2022","http://link.springer.com/article/10.1186/s12879-022-07354-x","Article"
"Psychometric properties of the COVID stress scales (CSS) within Arabic language in a Palestinian context","Current Psychology","","41","10","10.1007/s12144-021-01794-5","Fayez Azez MahamidGuido VeroneseDana BdierRachel Pancake","2022","http://link.springer.com/article/10.1007/s12144-021-01794-5","Article"
"Community perspectives on ideal bacterial STI testing services for gay, bisexual, and other men who have sex with men in Toronto, Canada: a qualitative study","BMC Health Services Research","","22","1","10.1186/s12913-022-08529-7","Jayoti RanaAnn N. BurchellSusan WangCarmen H. LogieRyan LiskDionne Gesink","2022","http://link.springer.com/article/10.1186/s12913-022-08529-7","Article"
"Immigrant pentecostalism in the emergence of the COVID-19 crisis: reactions and responses from the Universal Church of the Kingdom of God in Berlin","Zeitschrift für Religion, Gesellschaft und Politik","","","","10.1007/s41682-022-00141-0","Stefan van der Hoek","2022","http://link.springer.com/article/10.1007/s41682-022-00141-0","Article"
"15th Congress of the European Association for Clinical Pharmacology and Therapeutics (EACPT)","European Journal of Clinical Pharmacology","","78","1","10.1007/s00228-022-03333-y","","2022","http://link.springer.com/article/10.1007/s00228-022-03333-y","Article"
"Cannabis Vaping Among Youth and Young Adults: a Scoping Review","Current Addiction Reports","","9","3","10.1007/s40429-022-00413-y","Melissa B. HarrellStephanie L. ClendennenAslesha SumbeKathleen R. CaseDale S. ManteySunaina Swan","2022","http://link.springer.com/article/10.1007/s40429-022-00413-y","Article"
"Perspectives on a Couples-Based, e-Health HIV Prevention Toolkit Intervention: A Qualitative Dyadic Study with Black, Heterosexual Couples in New York State","Archives of Sexual Behavior","","51","5","10.1007/s10508-021-02270-8","Natalie M. LeblancJason W. MitchellKeosha T. BondAdrian Juarez CuellarNoelle M. St. VilJames McMahon","2022","http://link.springer.com/article/10.1007/s10508-021-02270-8","Article"
"The year 2021 in COVID-19 pandemic in children","Italian Journal of Pediatrics","","48","1","10.1186/s13052-022-01360-0","Elena BozzolaCarlo CaffarelliFrancesca SantamariaGiovanni Corsello","2022","http://link.springer.com/article/10.1186/s13052-022-01360-0","Article"
"Alarm fatigue and moral distress in ICU nurses in COVID-19 pandemic","BMC Nursing","","21","1","10.1186/s12912-022-00909-y","Neda AsadiFatemeh SalmaniNarges AsgariMahin Salmani","2022","http://link.springer.com/article/10.1186/s12912-022-00909-y","Article"
"Concussion killjoys: CTE, violence and the brain’s becoming","BioSocieties","","17","2","10.1057/s41292-020-00209-1","Aryn MartinAlasdair McMillan","2022","http://link.springer.com/article/10.1057/s41292-020-00209-1","Article"
"“I want the doctors to know that I am as bright as a candle”:","AIDS and Behavior","","","","10.1007/s10461-022-03942-9","Valerie A. EarnshawJon CoxPui Li WongRumana SaifiSuzan WaltersIskandar AzwaSharifah Faridah Syed OmarZachary K. CollierAsfarina Amir HassanSin How LimJeffrey WickershamMarwan S. HaddadAdeeba Kamarulzaman","2022","http://link.springer.com/article/10.1007/s10461-022-03942-9","Article"
"Influence of Internalised Homonegativity on Sexual Risk Behaviour of Men Who Have Sex with Men in Spain","Sexuality & Culture","","26","3","10.1007/s12119-021-09925-7","İbrahim SönmezCinta FolchNicolas LorenteRigmor C. BergNatalie ThurlbyAxel J. Schmidt","2022","http://link.springer.com/article/10.1007/s12119-021-09925-7","Article"
"Killing pain?: a population-based registry study of the use of prescription analgesics, anxiolytics, and hypnotics among all children, adolescents and young adults in Norway from 2004 to 2019","European Child & Adolescent Psychiatry","","","","10.1007/s00787-022-02066-8","Helle StangelandMarte HandalSvetlana Ondrasova SkurtveitHelene Flood AakvaagGrete DybTore Wentzel-LarsenMonica Baumann-LarsenJohn Anker ZwartKjersti StorheimSynne Øien Stensland","2022","http://link.springer.com/article/10.1007/s00787-022-02066-8","Article"