created_at,user_id,user_email,article_id,key,value
2023-03-20T12:02:43.471Z,130071,chaimae.asaad@uir.ac.ma,447679025,"""rq1""",1
2023-03-20T12:02:44.768Z,130071,chaimae.asaad@uir.ac.ma,447679025,included,-1
2023-03-20T12:05:13.995Z,130071,chaimae.asaad@uir.ac.ma,447679057,included,-1
2023-03-20T12:05:28.293Z,130071,chaimae.asaad@uir.ac.ma,447679057,"""rq1""",1
2023-03-20T12:36:29.951Z,130071,chaimae.asaad@uir.ac.ma,447680962,"""rq1""",1
2023-03-20T12:36:30.560Z,130071,chaimae.asaad@uir.ac.ma,447680962,included,-1
2023-03-20T12:36:34.623Z,130071,chaimae.asaad@uir.ac.ma,447680964,included,-1
2023-03-20T12:36:41.014Z,130071,chaimae.asaad@uir.ac.ma,447680964,"""rq1""",1
2023-03-20T12:36:49.093Z,130071,chaimae.asaad@uir.ac.ma,447680967,"""rq1""",1
2023-03-20T12:36:49.999Z,130071,chaimae.asaad@uir.ac.ma,447680967,included,-1
2023-03-20T12:37:21.298Z,130071,chaimae.asaad@uir.ac.ma,447680969,"""rq1""",1
2023-03-20T12:37:22.282Z,130071,chaimae.asaad@uir.ac.ma,447680969,included,-1
2023-03-20T12:39:29.993Z,130071,chaimae.asaad@uir.ac.ma,447680981,"""rq1""",1
2023-03-20T12:39:30.743Z,130071,chaimae.asaad@uir.ac.ma,447680981,included,-1
2023-03-20T12:40:00.276Z,130071,chaimae.asaad@uir.ac.ma,447680984,"""rq1""",1
2023-03-20T12:40:00.932Z,130071,chaimae.asaad@uir.ac.ma,447680984,included,-1
2023-03-20T12:40:17.918Z,130071,chaimae.asaad@uir.ac.ma,447680986,"""rq1""",1
2023-03-20T12:40:19.621Z,130071,chaimae.asaad@uir.ac.ma,447680986,included,-1
2023-03-20T12:40:23.153Z,130071,chaimae.asaad@uir.ac.ma,447680988,included,-1
2023-03-20T12:40:24.871Z,130071,chaimae.asaad@uir.ac.ma,447680988,"""rq1""",1
2023-03-20T12:41:09.686Z,130071,chaimae.asaad@uir.ac.ma,447680995,"""rq1""",1
2023-03-20T12:41:10.561Z,130071,chaimae.asaad@uir.ac.ma,447680995,included,-1
2023-03-20T12:43:30.164Z,130071,chaimae.asaad@uir.ac.ma,447681007,"""rq1""",1
2023-03-20T12:43:30.914Z,130071,chaimae.asaad@uir.ac.ma,447681007,included,-1
2023-03-20T12:43:53.868Z,130071,chaimae.asaad@uir.ac.ma,447681017,"""rq1""",1
2023-03-20T12:43:54.743Z,130071,chaimae.asaad@uir.ac.ma,447681017,included,-1
2023-03-20T12:44:06.088Z,130071,chaimae.asaad@uir.ac.ma,447681020,"""rq1""",1
2023-03-20T12:44:07.244Z,130071,chaimae.asaad@uir.ac.ma,447681020,included,-1
2023-03-20T12:54:57.033Z,130071,chaimae.asaad@uir.ac.ma,447681782,included,-1
2023-03-20T12:55:04.283Z,130071,chaimae.asaad@uir.ac.ma,447681782,"""rq1""",1
2023-03-20T12:55:23.425Z,130071,chaimae.asaad@uir.ac.ma,447681900,included,-1
2023-03-20T12:55:27.362Z,130071,chaimae.asaad@uir.ac.ma,447681900,"""rq1""",1
2023-03-20T12:55:39.660Z,130071,chaimae.asaad@uir.ac.ma,447681904,"""rq1""",1
2023-03-20T12:55:40.004Z,130071,chaimae.asaad@uir.ac.ma,447681904,included,-1
2023-03-20T12:59:10.500Z,130071,chaimae.asaad@uir.ac.ma,447681930,included,-1
2023-03-20T12:59:19.094Z,130071,chaimae.asaad@uir.ac.ma,447681930,"""rq1""",1
2023-03-20T13:03:23.281Z,130071,chaimae.asaad@uir.ac.ma,447681977,"""rq1""",1
2023-03-20T13:03:25.250Z,130071,chaimae.asaad@uir.ac.ma,447681977,included,-1
2023-03-20T13:04:05.283Z,130071,chaimae.asaad@uir.ac.ma,447681989,included,-1
2023-03-20T13:04:11.502Z,130071,chaimae.asaad@uir.ac.ma,447681989,"""rq1""",1
2023-03-20T13:06:45.355Z,130071,chaimae.asaad@uir.ac.ma,447682025,"""rq1""",1
2023-03-20T13:06:45.996Z,130071,chaimae.asaad@uir.ac.ma,447682025,included,-1
2023-03-20T13:09:46.132Z,130071,chaimae.asaad@uir.ac.ma,447682074,"""rq1""",1
2023-03-20T13:09:47.616Z,130071,chaimae.asaad@uir.ac.ma,447682074,included,-1
2023-03-20T13:39:18.597Z,130071,chaimae.asaad@uir.ac.ma,447700060,included,1
2023-03-20T13:39:21.269Z,130071,chaimae.asaad@uir.ac.ma,447700060,"""rq1""",1
