created_at,user_id,user_email,article_id,key,value
2023-03-15T13:51:58.518Z,130071,chaimae.asaad@uir.ac.ma,959058501,"""rq2""",1
2023-03-15T13:51:59.252Z,130071,chaimae.asaad@uir.ac.ma,959058501,included,-1
2023-03-15T13:52:34.955Z,130071,chaimae.asaad@uir.ac.ma,959058506,"""rq2""",1
2023-03-15T13:52:36.284Z,130071,chaimae.asaad@uir.ac.ma,959058506,included,-1
2023-03-15T13:54:04.253Z,130071,chaimae.asaad@uir.ac.ma,959058519,"""rq2""",1
2023-03-15T13:54:05.019Z,130071,chaimae.asaad@uir.ac.ma,959058519,included,-1
2023-03-15T14:16:28.363Z,130071,chaimae.asaad@uir.ac.ma,959059004,"""rq2""",1
2023-03-15T14:16:29.722Z,130071,chaimae.asaad@uir.ac.ma,959059004,included,-1
2023-03-15T14:18:11.927Z,130071,chaimae.asaad@uir.ac.ma,959059007,included,1
2023-03-15T14:18:15.661Z,130071,chaimae.asaad@uir.ac.ma,959059007,"""rq2""",1
2023-03-15T14:22:52.618Z,130071,chaimae.asaad@uir.ac.ma,959059032,"""rq2""",1
2023-03-15T14:22:54.305Z,130071,chaimae.asaad@uir.ac.ma,959059032,included,-1
2023-03-15T14:23:46.118Z,130071,chaimae.asaad@uir.ac.ma,959059039,"""rq2""",1
2023-03-15T14:23:49.399Z,130071,chaimae.asaad@uir.ac.ma,959059039,included,-1
2023-03-15T14:28:57.950Z,130071,chaimae.asaad@uir.ac.ma,959059059,"""rq2""",1
2023-03-15T14:28:59.122Z,130071,chaimae.asaad@uir.ac.ma,959059059,included,-1
2023-03-15T14:34:52.610Z,130071,chaimae.asaad@uir.ac.ma,959059082,"""rq2""",1
2023-03-15T14:34:53.642Z,130071,chaimae.asaad@uir.ac.ma,959059082,included,-1
2023-03-15T14:41:01.990Z,130071,chaimae.asaad@uir.ac.ma,959059272,included,-1
2023-03-15T14:41:05.302Z,130071,chaimae.asaad@uir.ac.ma,959059272,"""rq2""",1
2023-03-17T14:40:50.828Z,130071,chaimae.asaad@uir.ac.ma,959059381,included,1
2023-03-17T14:40:56.703Z,130071,chaimae.asaad@uir.ac.ma,959059381,"""rq2""",1
2023-03-17T14:41:11.907Z,130071,chaimae.asaad@uir.ac.ma,959059381,included,-1
2023-03-17T14:47:55.661Z,130071,chaimae.asaad@uir.ac.ma,959059573,"""rq2""",1
2023-03-17T14:47:56.708Z,130071,chaimae.asaad@uir.ac.ma,959059573,included,-1
