created_at,user_id,user_email,article_id,key,value
2023-03-15T13:51:45.736Z,130071,chaimae.asaad@uir.ac.ma,959058500,"""rq3""",1
2023-03-15T13:51:47.502Z,130071,chaimae.asaad@uir.ac.ma,959058500,included,-1
2023-03-15T13:57:12.912Z,130071,chaimae.asaad@uir.ac.ma,959058538,"""rq3""",1
2023-03-15T13:57:15.568Z,130071,chaimae.asaad@uir.ac.ma,959058538,included,-1
2023-03-15T14:01:44.431Z,130071,chaimae.asaad@uir.ac.ma,959058704,"""rq3""",1
2023-03-15T14:01:46.462Z,130071,chaimae.asaad@uir.ac.ma,959058704,included,-1
2023-03-15T14:02:07.134Z,130071,chaimae.asaad@uir.ac.ma,959058704,included,1
2023-03-15T14:09:06.858Z,130071,chaimae.asaad@uir.ac.ma,959058996,"""rq3""",1
2023-03-15T14:09:08.420Z,130071,chaimae.asaad@uir.ac.ma,959058996,included,-1
2023-03-15T14:33:45.891Z,130071,chaimae.asaad@uir.ac.ma,959059078,"""rq3""",1
2023-03-15T14:33:47.625Z,130071,chaimae.asaad@uir.ac.ma,959059078,included,-1
2023-03-17T14:45:43.050Z,130071,chaimae.asaad@uir.ac.ma,959059417,"""rq3""",1
2023-03-17T14:45:44.691Z,130071,chaimae.asaad@uir.ac.ma,959059417,included,1
2023-03-17T14:45:52.300Z,130071,chaimae.asaad@uir.ac.ma,959059417,included,-1
2023-03-17T14:45:59.363Z,130071,chaimae.asaad@uir.ac.ma,959059417,included,1
2023-03-17T15:30:24.191Z,130071,chaimae.asaad@uir.ac.ma,959059666,included,-1
2023-03-17T15:30:32.691Z,130071,chaimae.asaad@uir.ac.ma,959059666,"""rq3""",1
