created_at,user_id,user_email,article_id,key,value
2023-03-20T15:55:06.627Z,130071,chaimae.asaad@uir.ac.ma,449190345,"""rq1""",1
2023-03-20T15:55:08.440Z,130071,chaimae.asaad@uir.ac.ma,449190345,included,-1
2023-03-20T15:55:31.269Z,130071,chaimae.asaad@uir.ac.ma,449190348,"""rq1""",1
2023-03-20T15:55:31.988Z,130071,chaimae.asaad@uir.ac.ma,449190348,included,-1
2023-03-20T15:55:37.957Z,130071,chaimae.asaad@uir.ac.ma,449190349,"""rq1""",1
2023-03-20T15:55:39.035Z,130071,chaimae.asaad@uir.ac.ma,449190349,included,-1
2023-03-20T15:55:49.895Z,130071,chaimae.asaad@uir.ac.ma,449190352,"""rq1""",1
2023-03-20T15:55:50.473Z,130071,chaimae.asaad@uir.ac.ma,449190352,included,-1
2023-03-20T15:55:53.130Z,130071,chaimae.asaad@uir.ac.ma,449190353,"""rq1""",1
2023-03-20T15:55:54.005Z,130071,chaimae.asaad@uir.ac.ma,449190353,included,-1
2023-03-20T15:56:05.068Z,130071,chaimae.asaad@uir.ac.ma,449190354,"""rq1""",1
2023-03-20T15:56:05.818Z,130071,chaimae.asaad@uir.ac.ma,449190354,included,-1
2023-03-20T15:57:06.963Z,130071,chaimae.asaad@uir.ac.ma,449190370,"""rq1""",1
2023-03-20T15:57:07.525Z,130071,chaimae.asaad@uir.ac.ma,449190370,included,-1
2023-03-20T15:57:41.871Z,130071,chaimae.asaad@uir.ac.ma,449190380,"""rq1""",1
2023-03-20T15:57:42.793Z,130071,chaimae.asaad@uir.ac.ma,449190380,included,-1
2023-03-20T15:57:47.215Z,130071,chaimae.asaad@uir.ac.ma,449190381,"""rq1""",1
2023-03-20T15:57:47.965Z,130071,chaimae.asaad@uir.ac.ma,449190381,included,-1
2023-03-20T15:58:17.967Z,130071,chaimae.asaad@uir.ac.ma,449190389,included,-1
2023-03-20T15:58:27.233Z,130071,chaimae.asaad@uir.ac.ma,449190389,"""rq1""",1
2023-03-20T15:58:34.640Z,130071,chaimae.asaad@uir.ac.ma,449190392,"""rq1""",1
2023-03-20T15:58:35.359Z,130071,chaimae.asaad@uir.ac.ma,449190392,included,-1
2023-03-20T15:59:20.236Z,130071,chaimae.asaad@uir.ac.ma,449190407,"""rq1""",1
2023-03-20T15:59:21.440Z,130071,chaimae.asaad@uir.ac.ma,449190407,included,-1
2023-03-20T15:59:28.565Z,130071,chaimae.asaad@uir.ac.ma,449190408,"""rq1""",1
2023-03-20T15:59:29.221Z,130071,chaimae.asaad@uir.ac.ma,449190408,included,-1
2023-03-20T16:00:36.913Z,130071,chaimae.asaad@uir.ac.ma,449190420,"""rq1""",1
2023-03-20T16:00:37.444Z,130071,chaimae.asaad@uir.ac.ma,449190420,included,-1
2023-03-20T16:07:21.952Z,130071,chaimae.asaad@uir.ac.ma,449190536,"""rq1""",1
2023-03-20T16:07:22.859Z,130071,chaimae.asaad@uir.ac.ma,449190536,included,-1
2023-03-20T16:07:33.188Z,130071,chaimae.asaad@uir.ac.ma,449190538,"""rq1""",1
2023-03-20T16:07:33.828Z,130071,chaimae.asaad@uir.ac.ma,449190538,included,-1
2023-03-20T16:07:51.673Z,130071,chaimae.asaad@uir.ac.ma,449190540,"""rq1""",1
2023-03-20T16:07:52.267Z,130071,chaimae.asaad@uir.ac.ma,449190540,included,-1
2023-03-20T16:07:55.314Z,130071,chaimae.asaad@uir.ac.ma,449190541,"""rq1""",1
2023-03-20T16:07:55.923Z,130071,chaimae.asaad@uir.ac.ma,449190541,included,-1
2023-03-20T16:07:58.909Z,130071,chaimae.asaad@uir.ac.ma,449190542,included,-1
2023-03-20T16:08:00.283Z,130071,chaimae.asaad@uir.ac.ma,449190542,"""rq1""",1
2023-03-20T16:08:02.908Z,130071,chaimae.asaad@uir.ac.ma,449190543,included,-1
2023-03-20T16:08:04.330Z,130071,chaimae.asaad@uir.ac.ma,449190543,"""rq1""",1
2023-03-20T16:08:05.955Z,130071,chaimae.asaad@uir.ac.ma,449190544,included,-1
2023-03-20T16:08:07.158Z,130071,chaimae.asaad@uir.ac.ma,449190544,"""rq1""",1
2023-03-20T16:08:36.426Z,130071,chaimae.asaad@uir.ac.ma,449190548,"""rq1""",1
2023-03-20T16:08:37.176Z,130071,chaimae.asaad@uir.ac.ma,449190548,included,-1
2023-03-20T16:08:54.552Z,130071,chaimae.asaad@uir.ac.ma,449190550,included,-1
2023-03-20T16:08:56.474Z,130071,chaimae.asaad@uir.ac.ma,449190550,"""rq1""",1
2023-03-20T16:09:14.272Z,130071,chaimae.asaad@uir.ac.ma,449190554,"""rq1""",1
2023-03-20T16:09:15.272Z,130071,chaimae.asaad@uir.ac.ma,449190554,included,-1
2023-03-20T16:10:22.666Z,130071,chaimae.asaad@uir.ac.ma,449190561,"""rq1""",1
2023-03-20T16:10:24.260Z,130071,chaimae.asaad@uir.ac.ma,449190561,included,-1
2023-03-20T16:13:58.773Z,130071,chaimae.asaad@uir.ac.ma,449190581,included,-1
2023-03-20T16:14:00.867Z,130071,chaimae.asaad@uir.ac.ma,449190581,"""rq1""",1
2023-03-20T16:29:23.812Z,130071,chaimae.asaad@uir.ac.ma,449193515,"""rq1""",1
2023-03-20T16:29:24.390Z,130071,chaimae.asaad@uir.ac.ma,449193515,included,-1
