key,title,year,month,day,journal,issn,volume,issue,pages,authors,url,language,publisher,location,abstract,notes,doi,keywords,pubmed_id,pmc_id
rayyan-968345778,Fake News Detection on Social Media: Case Study of 2019 Novel Coronavirus - 2021 3rd International Conference on E-Business and E-Commerce Engineering - 2021 3rd International Conference on E-Business and E-Commerce Engineering,2022,,,,,,,298–302,"Kowirat, Rutchaneewan and Boongasame, Laor",https://doi.org/10.1145/3510249.3510301,,Association for Computing Machinery,"New York, NY, USA",,"RAYYAN-INCLUSION: {""chaimae.asaad""=>""Included""}",10.1145/3510249.3510301,Fake News;Decision Tree;Twitter;COVID-19,,
rayyan-968345779,Dynamic Probabilistic Graphical Model for Progressive Fake News Detection on Social Media Platform,2022,6,,ACM Trans. Intell. Syst. Technol.,2157-6904,13,5,,"Li, Ke and Guo, Bin and Liu, Jiaqi and Wang, Jiangtao and Ren, Haoyang and Yi, Fei and Yu, Zhiwen",https://doi.org/10.1145/3523060,,Association for Computing Machinery,"New York, NY, USA",,"RAYYAN-INCLUSION: {""chaimae.asaad""=>""Included""}",10.1145/3523060,Progressive fake news detection;Kalman Filter;uneven arrival;dynamic Probabilistic Graphical Model;dynamic evolution,,
rayyan-968345780,Fake News and COVID-19 Vaccination: A Comparative Study - Proceedings of the 2021 IEEE/ACM International Conference on Advances in Social Networks Analysis and Mining - Proceedings of the 2021 IEEE/ACM International Conference on Advances in Social Networks Analysis and Mining,2022,,,,,,,525–531,"Jouy and eh, Farzaneh and Sadeghi, Sarvnaz and Rahmatikargar, Bahareh and Zadeh, Pooya Moradian",https://doi.org/10.1145/3487351.3490960,,Association for Computing Machinery,"New York, NY, USA",,"RAYYAN-INCLUSION: {""chaimae.asaad""=>""Included""}",10.1145/3487351.3490960,COVID-19 vaccination;text classification;sentiment analysis;fake news detection;community detection;social network analysis;Social Support;Vaccination,,
rayyan-968345781,Using Deep Learning Models to Detect Fake News About COVID-19,2022,5,,ACM Trans. Internet Technol.,1533-5399,,,,"Chen, Mu-Yen and Lai, Yi-Wei and Lian, Jiunn-Woei",https://doi.org/10.1145/3533431,,Association for Computing Machinery,"New York, NY, USA",,"Just Accepted | RAYYAN-INCLUSION: {""chaimae.asaad""=>""Included""}",10.1145/3533431,BiLSTM;COVID-19;LSTM;Misinformation detection;GRU;Deep learning;Learning,,
rayyan-968345782,Exploring Crowdsourced Content Moderation Through Lens of Reddit during COVID-19 - Proceedings of the 17th Asian Internet Engineering Conference - Proceedings of the 17th Asian Internet Engineering Conference,2022,,,,,,,26–35,"Iqbal, Waleed and Arshad, Muhammad Haseeb and Tyson, Gareth and Castro, Ignacio",https://doi.org/10.1145/3570748.3570753,,Association for Computing Machinery,"New York, NY, USA",,"RAYYAN-INCLUSION: {""chaimae.asaad""=>""Included""}",10.1145/3570748.3570753,reddit;content moderation;COVID-19;fake news;hate speech;Internet;Crowdsourcing,,
rayyan-968345783,Using Fuzzy Clustering with Deep Learning Models for Detection of COVID-19 Disinformation,2022,7,,ACM Trans. Asian Low-Resour. Lang. Inf. Process.,2375-4699,,,,"Chen, Mu-Yen and Lai, Yi-Wei",https://doi.org/10.1145/3548458,,Association for Computing Machinery,"New York, NY, USA",,"Just Accepted | RAYYAN-INCLUSION: {""chaimae.asaad""=>""Included""}",10.1145/3548458,Deep learning model;Fuzzy clustering;COVID-19;Misinformation detection,,
rayyan-968345784,"Characterizing and Comparing COVID-19 Misinformation Across Languages, Countries and Platforms - Companion Proceedings of the Web Conference 2021 - Companion Proceedings of the Web Conference 2021",2021,,,,,,,213–223,"Madraki, Golshan and Grasso, Isabella and M. Otala, Jacqueline and Liu, Yu and Matthews, Jeanna",https://doi.org/10.1145/3442442.3452304,,Association for Computing Machinery,"New York, NY, USA",,"RAYYAN-INCLUSION: {""chaimae.asaad""=>""Included""}",10.1145/3442442.3452304,Social Media;Different Languages;Misinformation/Disinformation;COVID-19,,
rayyan-968345785,Seeing Should Probably Not Be Believing: The Role of Deceptive Support in COVID-19 Misinformation on Twitter,2022,12,,J. Data and Information Quality,1936-1955,15,1,,"Zuo, Chaoyuan and Banerjee, Ritwik and Chaleshtori, Fateme Hashemi and Shirazi, Hossein and Ray, Indrakshi",https://doi.org/10.1145/3546914,,Association for Computing Machinery,"New York, NY, USA",,"RAYYAN-INCLUSION: {""chaimae.asaad""=>""Included""}",10.1145/3546914,Misinformation detection;COVID-19;check-worthiness;Deception,,
rayyan-968345786,Are Mutated Misinformation More Contagious? A Case Study of COVID-19 Misinformation on Twitter - 14th ACM Web Science Conference 2022 - 14th ACM Web Science Conference 2022,2022,,,,,,,336–347,"Yan, Muheng and Lin, Yu-Ru and Chung, Wen-Ting",https://doi.org/10.1145/3501247.3531562,,Association for Computing Machinery,"New York, NY, USA",,"RAYYAN-INCLUSION: {""chaimae.asaad""=>""Included""}",10.1145/3501247.3531562,Social Media;Misinformation Mutation;Misinformation Propagation;Misinformation;COVID-19;Mutation,,
rayyan-968345787,"Data-Based Automatic Covid-19 Rumors Detection in Social Networks - Proceedings of the 4th International Conference on Networking, Information Systems &amp; Security - Proceedings of the 4th International Conference on Networking, Information Systems &amp; Security",2021,,,,,,,,"Bamiro, Bolaji and Assayad, Ismail",https://doi.org/10.1145/3454127.3456622,,Association for Computing Machinery,"New York, NY, USA",,"RAYYAN-INCLUSION: {""chaimae.asaad""=>""Included""}",10.1145/3454127.3456622,Social Support;Information Systems;Adenosine Monophosphate,,
rayyan-968345788,Coronabot: A Conversational AI System for Tackling Misinformation - Proceedings of the Conference on Information Technology for Social Good - Proceedings of the Conference on Information Technology for Social Good,2021,,,,,,,265–270,"Gunson, Nancie and Siei\'{n}ska, Weronika and Yu, Yanchao and Garcia, Daniel Hern and ez and Part, Jose L. and Dondrup, Christian and Lemon, Oliver",https://doi.org/10.1145/3462203.3475874,,Association for Computing Machinery,"New York, NY, USA",,"RAYYAN-INCLUSION: {""chaimae.asaad""=>""Included""}",10.1145/3462203.3475874,covid-19;NLU;chatbots;conversational AI;infodemic;disinformation;misinformation;coronavirus,,
rayyan-968345789,Pandemic Rumor Identification on Social Networking Sites: A Case Study of COVID-19 - 2021 5th International Conference on Natural Language Processing and Information Retrieval (NLPIR) - 2021 5th International Conference on Natural Language Processing and Information Retrieval (NLPIR),2022,,,,,,,109–114,"Ali, Mohsan and Murtza, Iqbal and Ejaz, Ayesha",https://doi.org/10.1145/3508230.3508246,,Association for Computing Machinery,"New York, NY, USA",,"RAYYAN-INCLUSION: {""chaimae.asaad""=>""Included""}",10.1145/3508230.3508246,Natural language processing;Covid-19;Machine learning;Long-short term memory;Ensemble Learning;Deep Learning;Social Support;Information Storage and Retrieval,,
rayyan-968345790,A Comparative Study on COVID-19 Fake News Detection Using Different Transformer Based Models,2022,,,"2022 IEEE Symposium on Industrial Electronics and Applications, ISIEA 2022",9781665480123,,,,"Joy, Sajib Kumar Saha and Dofadar, Dibyo Fabian and Khan, Riyo Hayat and Ahmed, Md Sabbir and Rahman, Rafeed",,,Institute of Electrical and Electronics Engineers Inc.,,,"RAYYAN-INCLUSION: {""chaimae.asaad""=>""Included""}",10.1109/ISIEA54517.2022.9873797,BERT;COVID-19;Fake News Detection;RoBERTa;Transformer,,
rayyan-968345791,A Study of Cantonese Covid-19 Fake News Detection on Social Media,2021,,,2021 IEEE International Conference on Big Data (Big Data),     VO  - ,,,6052-6054,"Wang, Z. and Zhao, M. and Chen, Y. and Song, Y. and Lan, L.",,,,,,"RAYYAN-INCLUSION: {""chaimae.asaad""=>""Included""}",10.1109/BigData52589.2021.9671722,COVID-19;Deep learning;Analytical models;Machine learning algorithms;Social networking (online);Big Data;Journalism;Fake News Detection;Topic Modeling;Cantonese Text Analytics,,
rayyan-968345792,BERT Model for Fake News Detection Based on Social Bot Activities in the COVID-19 Pandemic,2021,,,"2021 IEEE 12th Annual Ubiquitous Computing, Electronics & Mobile Communication Conference (UEMCON)",     VO  - ,,,0103-0109,"Heidari, M. and Zad, S. and Hajibabaee, P. and Malekzadeh, M. and HekmatiAthar, S. and Uzuner, O. and Jones, J. H.",,,,,,"RAYYAN-INCLUSION: {""chaimae.asaad""=>""Included""}",10.1109/UEMCON53757.2021.9666618,COVID-19;Pandemics;Social networking (online);Bit error rate;Transfer learning;Transformers;Mobile communication;Fake news;Bot detection;Natural language processing;Neural Network;Social media,,
rayyan-968345793,A Comparative Study on COVID-19 Fake News Detection Using Different Transformer Based Models,2022,,,2022 IEEE Symposium on Industrial Electronics & Applications (ISIEA),2472-7660     VO  - ,,,1-5,"Joy, S. K. S. and Dofadar, D. F. and Khan, R. H. and Ahmed, M. S. and Rahman, R.",,,,,,"RAYYAN-INCLUSION: {""chaimae.asaad""=>""Included""}",10.1109/ISIEA54517.2022.9873797,COVID-19;Training;Epidemics;Social networking (online);Bit error rate;Transformers;Reliability;Transformer;Fake News Detection;BERT;RoBERTa,,
rayyan-968345794,COVID-19 Fake News Prediction On Social Media Data,2021,,,2021 IEEE Region 10 Symposium (TENSYMP),2642-6102     VO  - ,,,1-5,"Hussna, A. Ul and Trisha, I. I. and Karim, M. S. and Alam, M. G. R.",,,,,,"RAYYAN-INCLUSION: {""chaimae.asaad""=>""Included""}",10.1109/TENSYMP52854.2021.9550957,COVID-19;Deep learning;Social networking (online);Pandemics;Support vector machine classification;Prediction algorithms;Data models;distilBERT;TF-IDF;Multinomial Naïve Bayes classifier;Logistics Regression classifier;Support Vector Machine classifier;pandemic;infodemic,,
rayyan-968345795,Cross-lingual COVID-19 Fake News Detection,2021,,,2021 International Conference on Data Mining Workshops (ICDMW),2375-9259     VO  - ,,,859-862,"Du, J. and Dou, Y. and Xia, C. and Cui, L. and Ma, J. and Yu, P. S.",,,,,,"RAYYAN-INCLUSION: {""chaimae.asaad""=>""Included""}",10.1109/ICDMW53433.2021.00110,COVID-19;Deep learning;Pandemics;Social networking (online);Conferences;Detectors;Developing countries;fake news;cross-lingual;dataset,,
rayyan-968345796,Covid-19 Fake News Detector using Hybrid Convolutional and Bi-LSTM Model,2021,,,2021 12th International Conference on Computing Communication and Networking Technologies (ICCCNT),     VO  - ,,,01-06,"Surendran, P. and Navyasree, B. and Kambham, H. and Kumar, M. An",,,,,,"RAYYAN-INCLUSION: {""chaimae.asaad""=>""Included""}",10.1109/ICCCNT51525.2021.9579994,COVID-19;Government policies;Deep learning;Social networking (online);Pandemics;Computational modeling;Organizations;Fake News;Covid-19;CNN;LSTM,,
rayyan-968345797,Perceived Accuracy of Fake News on Social Media,2021,,,2021 9th International Conference on Cyber and IT Service Management (CITSM),     VO  - ,,,1-7,"Fadhila, S. and Nisa, Y. F. and Nihayah, Z. and Hayat, B. and Syani, P. A. and Adelina, R.",,,,,,"RAYYAN-INCLUSION: {""chaimae.asaad""=>""Included""}",10.1109/CITSM52892.2021.9588841,Data analysis;Correlation;Social networking (online);Pandemics;Instruments;Urban areas;Linear regression;fake news;perceived accuracy of fake news;analytical thinking;overclaiming;emotions;extremism,,
rayyan-968345798,Fake News Detection: Needs for Individuals and Businesses in the time of Covid-19 and its Future Applications,2021,,,"2021 3rd International Conference on Advances in Computing, Communication Control and Networking (ICAC3N)",     VO  - ,,,2065-2069,"Jha, S. and Gupta, S. N. and Gupta, V. and Tiwari, P.",,,,,,"RAYYAN-INCLUSION: {""chaimae.asaad""=>""Included""}",10.1109/ICAC3N53548.2021.9725484,COVID-19;Freeware;Social networking (online);Pandemics;Process control;Machine learning;Natural language processing;Fake News;sklearn;Natural Language Processing;Passive Aggressive Classifier;TfIdf Vectorizer,,
rayyan-968345799,Federal Learning Based COVID-19 Fake News Detection With Deep Self-Attention Network,2021,,,2021 IEEE 7th International Conference on Cloud Computing and Intelligent Systems (CCIS),     VO  - ,,,296-299,"Ouyang, S. and Du, J. and Wang, B. and Yu, B. and Wang, Y. and Liang, M.",,,,,,"RAYYAN-INCLUSION: {""chaimae.asaad""=>""Included""}",10.1109/CCIS53392.2021.9754663,COVID-19;Data privacy;Social networking (online);Bit error rate;Feature extraction;Collaborative work;Data models;Federal Learning;Fake News Detection;Deep Self-Attention Network;BERT;Learning,,
rayyan-968345800,Exploring Content-Based and Meta-Data Analysis for Detecting Fake News Infodemic: A case study on COVID-19,2022,,,2022 12th International Conference on Pattern Recognition Systems (ICPRS),     VO  - ,,,1-8,"Ajao, O. and Garg, A. and Costa-Abreu, M. Da",,,,,,"RAYYAN-INCLUSION: {""chaimae.asaad""=>""Included""}",10.1109/ICPRS54038.2022.9854058,COVID-19;Pandemics;Social networking (online);Supervised learning;Metadata;Predictive models;Pattern recognition;Coronavirus;Misinformation;Disinformation;Malinformation;Fake News;Statistics as Topic,,
rayyan-968345801,Analysing and Identifying Crucial Evidences for the prediction of False Information proliferated during COVID-19 Outbreak: A Case Study,2021,,,2021 8th International Conference on Smart Computing and Communications (ICSCC),     VO  - ,,,47-51,"Varshney, D. and Vishwakarma, D. K.",,,,,,"RAYYAN-INCLUSION: {""chaimae.asaad""=>""Included""}",10.1109/ICSCC51209.2021.9528205,COVID-19;Support vector machines;Analytical models;Social networking (online);Urban areas;Predictive models;Feature extraction;Information Pollution;Fake News Detection;Disease Outbreaks,,
rayyan-968345802,An Ensemble Learning Approach for COVID-19 Fact Verification,2022,,,"2022 3rd International Conference on Big Data, Artificial Intelligence and Internet of Things Engineering (ICBAIE)",     VO  - ,,,383-387,"Liu, Y. and Zhou, Y.",,,,,,"RAYYAN-INCLUSION: {""chaimae.asaad""=>""Included""}",10.1109/ICBAIE56435.2022.9985887,COVID-19;Pandemics;Social networking (online);Training data;Big Data;Transformers;Ensemble learning;ensemble learning;natural language processing;fake news;machine learning;Learning,,
rayyan-968345803,Using Deep Learning to Identify Linguistic Features that Facilitate or Inhibit the Propagation of Anti- and Pro-Vaccine Content on Social Media,2022,,,2022 IEEE International Conference on Digital Health (ICDH),     VO  - ,,,107-116,"Argyris, Y. A. and Zhang, N. and Bashyal, B. and Tan, P. -N.",,,,,,"RAYYAN-INCLUSION: {""chaimae.asaad""=>""Included""}",10.1109/ICDH55609.2022.00025,Text analysis;Social networking (online);Inhibitors;Pandemics;Linguistics;Vaccines;Fake news;vaccine misinformation;health informatics;deep-learning;regression analyses;social media;diffusion of information;Vaccination,,
rayyan-968345804,CoAID-DEEP: An Optimized Intelligent Framework for Automated Detecting COVID-19 Misleading Information on Twitter,2021,,,IEEE Access,2169-3536     VO  - 9,9,,27840-27867,"Abdelminaam, D. S. and Ismail, F. H. and Taha, M. and Taha, A. and Houssein, E. H. and Nabil, A.",,,,,,"RAYYAN-INCLUSION: {""chaimae.asaad""=>""Included""}",10.1109/ACCESS.2021.3058066,COVID-19;Social networking (online);Feature extraction;Deep learning;Blogs;Viruses (medical);Organizations;Fake news;misleading information;pandemic;social media;deep learning;Intelligence,,
rayyan-968345805,SentiMage: A Sentiment-Image-based COVID-19 Health Misinformation Detection using Machine Learning,2022,,,"2022 International Conference on Electrical, Computer, Communications and Mechatronics Engineering (ICECCME)",     VO  - ,,,1-5,"Ramakrishnan, K. and Balakrishnan, V.",,,,,,"RAYYAN-INCLUSION: {""chaimae.asaad""=>""Included""}",10.1109/ICECCME55909.2022.9987818,COVID-19;Support vector machines;Machine learning algorithms;Mechatronics;Social networking (online);Pandemics;Metadata;Health misinformation;Machine learning;Sentiment;Image;Learning,,
rayyan-968345806,Design of a predictor for COVID-19 misinformation prediction,2021,,,2021 International Conference on Innovative Computing (ICIC),     VO  - ,,,1-7,"Chughtai, M. A. and Hou, J. and Long, H. and Li, Q. and Ismail, M.",,,,,,"RAYYAN-INCLUSION: {""chaimae.asaad""=>""Included""}",10.1109/ICIC53490.2021.9693057,Support vector machines;Training;Social networking (online);Filtering algorithms;Information filters;Feature extraction;Prediction algorithms;Misinformation;COVID-19;Machine Learning;NLP;Feature Selection,,
rayyan-968345807,Copy-move Image Forgery Localization Using Deep Feature Pyramidal Network,2021,,,2021 International Conference on Advances in Computing and Communications (ICACC),     VO  - ,,,1-6,"Sabeena, M. and Abraham, L. and Sreelekshmi, P. R.",,,,,,"RAYYAN-INCLUSION: {""chaimae.asaad""=>""Included""}",10.1109/ICACC-202152719.2021.9708244,Deep learning;Resistance;Location awareness;Social networking (online);Forensics;Process control;Feature extraction;Copy move forgery;Deep learning models;Buster Net;VGG with FPN;Performance analysis,,
rayyan-968345808,African Swine Fever&mdash;How to Unravel Fake News in Veterinary Medicine,2022,,,Animals,2076-2615,12,5,,"Trotta, Adriana and Marinaro, Mariarosaria and Cavalli, Aless and ra and Cordisco, Marco and Piperis, Angela and Buonavoglia, Canio and Corrente, Marialaura",,,,,,"RAYYAN-INCLUSION: {""chaimae.asaad""=>""Included""}",10.3390/ani12050656,mass media;viral infections;infectious disease;wildlife;conspiracy theories;quackery;Swine,,
rayyan-968345809,An Explainable Fake News Detector Based on Named Entity Recognition and Stance Classification Applied to COVID-19,2022,,,Information,2078-2489,13,3,,"De Magistris, Giorgio and Russo, Samuele and Roma, Paolo and Starczewski, Janusz T. and Napoli, Christian",,,,,,"RAYYAN-INCLUSION: {""chaimae.asaad""=>""Included""}",10.3390/info13030137,natural language processing;named entity recognition;CNN;fake news;COVID-19;vaccines;explainable artificial intelligence,,
rayyan-968345810,Illusion of Truth: Analysing and Classifying COVID-19 Fake News in Brazilian Portuguese Language,2022,,,Big Data and Cognitive Computing,2504-2289,6,2,,"Endo, Patricia T. and Santos, Guto L. and de Lima Xavier, Maria E. and Nascimento Campos, Gleyson R. and de Lima, Luciana C. and Silva, Ivanovitch and Egli, Antonia and Lynn, Theo",,,,,,"RAYYAN-INCLUSION: {""chaimae.asaad""=>""Included""}",10.3390/bdcc6020036,COVID-19;fake news;health misinformation;Brazilian Portuguese language;exploratory data analysis;machine learning;deep learning;Illusions,,
rayyan-968345811,A Deep Learning Framework for Detection of COVID-19 Fake News on Social Media Platforms,2022,,,Data,2306-5729,7,5,,"Tashtoush, Yahya and Alrababah, Balqis and Darwish, Omar and Maabreh, Majdi and Alsaedi, Nasser",,,,,,"RAYYAN-INCLUSION: {""chaimae.asaad""=>""Included""}",10.3390/data7050065,text classification;fake news detection;neural networks;deep learning;COVID-19;coronavirus;text mining,,
rayyan-968345812,Evaluating Intelligent Methods for Detecting COVID-19 Fake News on Social Media Platforms,2022,,,Electronics,2079-9292,11,15,,"Alhakami, Hosam and Alhakami, Wajdi and Baz, Abdullah and Faizan, Mohd and Khan, Mohd W. and Agrawal, Alka",,,,,,"RAYYAN-INCLUSION: {""chaimae.asaad""=>""Included""}",10.3390/electronics11152417,fake news;COVID-19;social media;machine learning;deep learning,,
rayyan-968345813,What Drives People to Share Misinformation on Social Media during the COVID-19 Pandemic: A Stimulus-Organism-Response Perspective,2022,,,International Journal of Environmental Research and Public Health,1660-4601,19,18,,"Wu, Manli",,,,,,"RAYYAN-INCLUSION: {""chaimae.asaad""=>""Included""}",10.3390/ijerph191811752,misinformation sharing;COVID-19;social media dependency;stimulus-organism-response,,
rayyan-968345814,Mining Public Opinions on COVID-19 Vaccination: A Temporal Analysis to Support Combating Misinformation,2022,,,Tropical Medicine and Infectious Disease,2414-6366,7,10,,"de Carvalho, Victor D. and Nepomuceno, Thyago C. and Poleto, Thiago and Turet, Jean G. and Costa, Ana P.",,,,,,"RAYYAN-INCLUSION: {""chaimae.asaad""=>""Included""}",10.3390/tropicalmed7100256,COVID-19;pandemics;vaccination;Brazil;opinion mining;temporal analysis;twitter data;misinformation;Public Opinion;Vaccination;Vaccines,,
rayyan-968345816,(Mis)perceptions and engagement on Twitter: COVID-19 vaccine rumors on efficacy and mass immunization effort,2022,4,,International Journal of Information Management Data Insights,2667-0968,2,1,100059,"Sharevski, Filipo and Huff, Alice and Jachim, Peter and Pieroni, Emma",https://www.sciencedirect.com/science/article/pii/S2667096822000039,,,,,"RAYYAN-INCLUSION: {""chaimae.asaad""=>""Included""}",https://doi.org/10.1016/j.jjimei.2022.100059,COVID-19;Vaccines;Twitter;Soft moderation;Misperception;Rumors;Vaccination,,
rayyan-968345817,Tackling fake news in socially mediated public spheres: A comparison of Weibo and WeChat,2022,8,,Technology in Society,0160-791X,70,,102004,"Pang, Hua and Liu, Jun and Lu, Jiahui",https://www.sciencedirect.com/science/article/pii/S0160791X22001452,,,,,"RAYYAN-INCLUSION: {""chaimae.asaad""=>""Included""}",https://doi.org/10.1016/j.techsoc.2022.102004,Fake news;COVID-19;Social media;China;Socially mediated public sphere;Weibo;WeChat,,
rayyan-968345818,Understanding patterns of COVID infodemic: A systematic and pragmatic approach to curb fake news,2022,2,,Journal of Business Research,0148-2963,140,,670-683,"Gupta, Ashish and Li, Han and Farnoush, Alireza and Jiang, Wenting",https://www.sciencedirect.com/science/article/pii/S0148296321008390,,,,,"RAYYAN-INCLUSION: {""chaimae.asaad""=>""Included""}",https://doi.org/10.1016/j.jbusres.2021.11.032,COVID-19;Infodemic;Fake News;Natural language processing;Text analytics;Network analytics,,
rayyan-968345819,"The effects of emotions, individual attitudes towards vaccination, and social endorsements on perceived fake news credibility and sharing motivations",2022,9,,Computers in Human Behavior,0747-5632,134,,107307,"Ali, Khudejah and Li, Cong and Zain-ul-abdin, Khawaja and Muqtadir, Syed Ali",https://www.sciencedirect.com/science/article/pii/S0747563222001297,,,,,"RAYYAN-INCLUSION: {""chaimae.asaad""=>""Included""}",https://doi.org/10.1016/j.chb.2022.107307,Fake news;Vaccines;Facebook;News credibility;News sharing;Vaccination,,
rayyan-968345820,"Assessment of the spread of fake news of Covid-19 amongst social media users in Kano State, Nigeria",2022,5,,Computers in Human Behavior Reports,2451-9588,6,,100189,"Ahmed, Mercy Ojochenemi and Msughter, Aondover Eric",https://www.sciencedirect.com/science/article/pii/S2451958822000239,,,,,"RAYYAN-INCLUSION: {""chaimae.asaad""=>""Included""}",https://doi.org/10.1016/j.chbr.2022.100189,Fake news;Assessment;Covid-19;Social media;Kano State;Nigeria,,
rayyan-968345821,A ranked solution for social media fact checking using epidemic spread modeling,2022,4,,Information Sciences,0020-0255,589,,550-563,"Smith, John H. and Bastian, Nathaniel D.",https://www.sciencedirect.com/science/article/pii/S0020025522000020,,,,,"RAYYAN-INCLUSION: {""chaimae.asaad""=>""Included""}",https://doi.org/10.1016/j.ins.2022.01.002,Social media;Fake news;Misinformation;Fact checking;Network science;Epidemic modeling,,
rayyan-968345822,"People lie, actions Don't! Modeling infodemic proliferation predictors among social media users",2022,2,,Technology in Society,0160-791X,68,,101930,"Raj, Chahat and Meel, Priyanka",https://www.sciencedirect.com/science/article/pii/S0160791X22000719,,,,,"RAYYAN-INCLUSION: {""chaimae.asaad""=>""Included""}",https://doi.org/10.1016/j.techsoc.2022.101930,Factor identification;Fake news;COVID-19;Misinformation;Infodemic;Modeling predictors,,
rayyan-968345823,Conspiracy theories and misinformation about COVID-19 in Nigeria: Implications for vaccine demand generation communications,2022,3,,Vaccine,0264-410X,40,13,2114-2121,"Wonodi, Chizoba and Obi-Jeff, Chisom and Adewumi, Funmilayo and Keluo-Udeke, Somto Chloe and Gur-Arie, Rachel and Krubiner, Carleigh and Jaffe, Elana Felice and Bamiduro, Tobi and Karron, Ruth and Faden, Ruth",https://www.sciencedirect.com/science/article/pii/S0264410X22001268,,,,,"RAYYAN-INCLUSION: {""chaimae.asaad""=>""Included""}",https://doi.org/10.1016/j.vaccine.2022.02.005,Conspiracy theory;Misinformation;COVID-19 vaccines;Risk communication;Demand generation communication;Nigeria;Vaccination;Vaccines,,
rayyan-968345824,An entropy-based method to control COVID-19 rumors in online social networks using opinion leaders,2022,8,,Technology in Society,0160-791X,70,,102048,"Jain, Lokesh",https://www.sciencedirect.com/science/article/pii/S0160791X22001890,,,,,"RAYYAN-INCLUSION: {""chaimae.asaad""=>""Included""}",https://doi.org/10.1016/j.techsoc.2022.102048,COVID-19 rumors;Opinion leader;Online social network;Entropy;Reputation;Health misinformation;Social Support,,
rayyan-968345825,Covid-19 fake news sentiment analysis,2022,7,,Computers and Electrical Engineering,0045-7906,101,,107967,"Iwendi, Celestine and Mohan, Senthilkumar and khan, Suleman and Ibeke, Ebuka and Ahmadian, Ali and Ciano, Tiziana",https://www.sciencedirect.com/science/article/pii/S0045790622002439,,,,,"RAYYAN-INCLUSION: {""chaimae.asaad""=>""Included""}",https://doi.org/10.1016/j.compeleceng.2022.107967,Fake news;Social media;Deep learning;NLP;Mining;Emotions,,
rayyan-968345826,Investigation of the determinants for misinformation correction effectiveness on social media during COVID-19 pandemic,2022,5,,Information Processing & Management,0306-4573,59,3,102935,"Zhang, Yuqi and Guo, Bin and Ding, Yasan and Liu, Jiaqi and Qiu, Chen and Liu, Sicong and Yu, Zhiwen",https://www.sciencedirect.com/science/article/pii/S0306457322000589,,,,,"RAYYAN-INCLUSION: {""chaimae.asaad""=>""Included""}",https://doi.org/10.1016/j.ipm.2022.102935,Misinformation;Correction;Cognitive factor;Social media;Data-driven;Microblog,,
rayyan-968345827,"Government-sponsored disinformation and the severity of respiratory infection epidemics including COVID-19: A global analysis, 2001–2020",2022,3,,Social Science & Medicine,0277-9536,296,,114744,"Lin, Thung-Hong and Chang, Min-Chiao and Chang, Chun-Chih and Chou, Ya-Hsuan",https://www.sciencedirect.com/science/article/pii/S0277953622000478,,,,,"RAYYAN-INCLUSION: {""chaimae.asaad""=>""Included""}",https://doi.org/10.1016/j.socscimed.2022.114744,COVID-19;Pandemic;Disinformation;Government-sponsored disinformation;Respiratory infections;Internet censorship;Respiratory Tract Infections,,
rayyan-968345828,Dynamic Probabilistic Graphical Model for Progressive Fake News Detection on Social Media Platform,2022,6,,ACM Trans. Intell. Syst. Technol.,2157-6904,13,5,,"Li, Ke and Guo, Bin and Liu, Jiaqi and Wang, Jiangtao and Ren, Haoyang and Yi, Fei and Yu, Zhiwen",https://doi.org/10.1145/3523060,,Association for Computing Machinery,"New York, NY, USA",,"RAYYAN-INCLUSION: {""chaimae.asaad""=>""Excluded""} | RAYYAN-LABELS: rq2 | RAYYAN-INCLUSION: {""chaimae.asaad""=>""Included""}",10.1145/3523060,dynamic evolution;dynamic Probabilistic Graphical Model;uneven arrival;Progressive fake news detection;Kalman Filter,,
rayyan-968345831,"Characterizing and Comparing COVID-19 Misinformation Across Languages, Countries and Platforms - Companion Proceedings of the Web Conference 2021 - Companion Proceedings of the Web Conference 2021 - Companion Proceedings of the Web Conference 2021",2021,,,,,,,213–223,"Madraki, Golshan and Grasso, Isabella and M. Otala, Jacqueline and Liu, Yu and Matthews, Jeanna",https://doi.org/10.1145/3442442.3452304,,Association for Computing Machinery,"New York, NY, USA",,"RAYYAN-INCLUSION: {""chaimae.asaad""=>""Excluded""} | RAYYAN-LABELS: rq2 | RAYYAN-INCLUSION: {""chaimae.asaad""=>""Included""}",10.1145/3442442.3452304,COVID-19;Misinformation/Disinformation;Social Media;Different Languages,,
rayyan-968345832,Using Deep Learning Models to Detect Fake News About COVID-19,2022,5,,ACM Trans. Internet Technol.,1533-5399,,,,"Chen, Mu-Yen and Lai, Yi-Wei and Lian, Jiunn-Woei",https://doi.org/10.1145/3533431,,Association for Computing Machinery,"New York, NY, USA",,"Just Accepted | RAYYAN-INCLUSION: {""chaimae.asaad""=>""Excluded""} | RAYYAN-LABELS: rq2 | RAYYAN-INCLUSION: {""chaimae.asaad""=>""Included""}",10.1145/3533431,BiLSTM;Misinformation detection;Deep learning;GRU;COVID-19;LSTM;Learning,,
rayyan-968345833,A Comparative Study on COVID-19 Fake News Detection Using Different Transformer Based Models,2022,,,2022 IEEE Symposium on Industrial Electronics & Applications (ISIEA),2472-7660     VO  - ,,,1-5,"Joy, S. K. S. and Dofadar, D. F. and Khan, R. H. and Ahmed, M. S. and Rahman, R.",,,,,,"RAYYAN-INCLUSION: {""chaimae.asaad""=>""Excluded""} | RAYYAN-LABELS: rq2 | RAYYAN-INCLUSION: {""chaimae.asaad""=>""Included""}",10.1109/ISIEA54517.2022.9873797,COVID-19;Training;Epidemics;Social networking (online);Bit error rate;Transformers;Reliability;Transformer;Fake News Detection;BERT;RoBERTa,,
rayyan-968345834,Using Deep Learning to Identify Linguistic Features that Facilitate or Inhibit the Propagation of Anti- and Pro-Vaccine Content on Social Media,2022,,,2022 IEEE International Conference on Digital Health (ICDH),     VO  - ,,,107-116,"Argyris, Y. A. and Zhang, N. and Bashyal, B. and Tan, P. -N.",,,,,,"RAYYAN-INCLUSION: {""chaimae.asaad""=>""Included""} | RAYYAN-LABELS: rq2 | RAYYAN-INCLUSION: {""chaimae.asaad""=>""Included""} | RAYYAN-LABELS: rq1",10.1109/ICDH55609.2022.00025,Text analysis;Social networking (online);Inhibitors;Pandemics;Linguistics;Vaccines;Fake news;vaccine misinformation;health informatics;deep-learning;regression analyses;social media;diffusion of information;Vaccination,,
rayyan-968345835,An Ensemble Learning Approach for COVID-19 Fact Verification,2022,,,"2022 3rd International Conference on Big Data, Artificial Intelligence and Internet of Things Engineering (ICBAIE)",     VO  - ,,,383-387,"Liu, Y. and Zhou, Y.",,,,,,"RAYYAN-INCLUSION: {""chaimae.asaad""=>""Excluded""} | RAYYAN-LABELS: rq2 | RAYYAN-INCLUSION: {""chaimae.asaad""=>""Included""}",10.1109/ICBAIE56435.2022.9985887,COVID-19;Pandemics;Social networking (online);Training data;Big Data;Transformers;Ensemble learning;ensemble learning;natural language processing;fake news;machine learning;Learning,,
rayyan-968345836,Exploring Content-Based and Meta-Data Analysis for Detecting Fake News Infodemic: A case study on COVID-19,2022,,,2022 12th International Conference on Pattern Recognition Systems (ICPRS),     VO  - ,,,1-8,"Ajao, O. and Garg, A. and Costa-Abreu, M. Da",,,,,,"RAYYAN-INCLUSION: {""chaimae.asaad""=>""Excluded""} | RAYYAN-LABELS: rq2 | RAYYAN-INCLUSION: {""chaimae.asaad""=>""Included""}",10.1109/ICPRS54038.2022.9854058,COVID-19;Pandemics;Social networking (online);Supervised learning;Metadata;Predictive models;Pattern recognition;Coronavirus;Misinformation;Disinformation;Malinformation;Fake News;Statistics as Topic,,
rayyan-968345837,Multi-dimensional characteristics and governance strategies of rumors about the COVID-19 pandemic,2022,,,2022 5th International Conference on Data Science and Information Technology (DSIT),     VO  - ,,,1-6,"-f. Zhang, X. and -r. Cheng, Y.",,,,,,"RAYYAN-INCLUSION: {""chaimae.asaad""=>""Excluded""} | RAYYAN-LABELS: rq2 | RAYYAN-INCLUSION: {""chaimae.asaad""=>""Included""}",10.1109/DSIT55514.2022.9943892,COVID-19;Graphical models;Pandemics;Urban areas;Semantics;Data science;Market research;Pandemic;Rumors;Spatiotemporal distribution;Analysis of characteristics;Visualization,,
rayyan-968345838,Illusion of Truth: Analysing and Classifying COVID-19 Fake News in Brazilian Portuguese Language,2022,,,Big Data and Cognitive Computing,2504-2289,6,2,,"Endo, Patricia T. and Santos, Guto L. and de Lima Xavier, Maria E. and Nascimento Campos, Gleyson R. and de Lima, Luciana C. and Silva, Ivanovitch and Egli, Antonia and Lynn, Theo",,,,,,"RAYYAN-INCLUSION: {""chaimae.asaad""=>""Excluded""} | RAYYAN-LABELS: rq2 | RAYYAN-INCLUSION: {""chaimae.asaad""=>""Included""}",10.3390/bdcc6020036,COVID-19;fake news;health misinformation;Brazilian Portuguese language;exploratory data analysis;machine learning;deep learning;Illusions,,
rayyan-968345839,Mining Public Opinions on COVID-19 Vaccination: A Temporal Analysis to Support Combating Misinformation,2022,,,Tropical Medicine and Infectious Disease,2414-6366,7,10,,"de Carvalho, Victor D. and Nepomuceno, Thyago C. and Poleto, Thiago and Turet, Jean G. and Costa, Ana P.",,,,,,"RAYYAN-INCLUSION: {""chaimae.asaad""=>""Excluded""} | RAYYAN-LABELS: rq2 | RAYYAN-INCLUSION: {""chaimae.asaad""=>""Included""}",10.3390/tropicalmed7100256,COVID-19;pandemics;vaccination;Brazil;opinion mining;temporal analysis;twitter data;misinformation;Public Opinion;Vaccination;Vaccines,,
rayyan-968345840,Tackling fake news in socially mediated public spheres: A comparison of Weibo and WeChat,2022,8,,Technology in Society,0160-791X,70,,102004,"Pang, Hua and Liu, Jun and Lu, Jiahui",https://www.sciencedirect.com/science/article/pii/S0160791X22001452,,,,,"RAYYAN-INCLUSION: {""chaimae.asaad""=>""Excluded""} | RAYYAN-LABELS: rq2 | RAYYAN-INCLUSION: {""chaimae.asaad""=>""Included""}",https://doi.org/10.1016/j.techsoc.2022.102004,Fake news;COVID-19;Social media;China;Socially mediated public sphere;Weibo;WeChat,,
