key,title,year,month,day,journal,issn,volume,issue,pages,authors,url,language,publisher,location,abstract,notes,doi,keywords,pubmed_id,pmc_id
rayyan-455230644,Understanding the Impact of COVID-19 on Online Mental Health Forums,2021,9,,ACM Trans. Manage. Inf. Syst.,2158-656X,12,4,,"Biester, Laura and Matton, Katie and Rajendran, Janarthanan and Provost, Emily Mower and Mihalcea, Rada",https://doi.org/10.1145/3458770,,Association for Computing Machinery,"New York, NY, USA",,"RAYYAN-INCLUSION: {""chaimae.asaad""=>""Included""}",10.1145/3458770,COVID-19;user interaction;time series;topic modeling;Mental health,,
rayyan-455230645,The Problem of Semantic Shift in Longitudinal Monitoring of Social Media: A Case Study on Mental Health During the COVID-19 Pandemic - 14th ACM Web Science Conference 2022,2022,,,,,,,208–218,"Harrigian, Keith and Dredze, Mark",https://doi.org/10.1145/3501247.3531566,,Association for Computing Machinery,"New York, NY, USA",,"RAYYAN-INCLUSION: {""chaimae.asaad""=>""Included""}",10.1145/3501247.3531566,semantic shift;mental health;longitudinal monitoring;Semantics,,
rayyan-455230646,Fuzzy Contrast Set Based Deep Attention Network for Lexical Analysis and Mental Health Treatment,2022,4,,ACM Trans. Asian Low-Resour. Lang. Inf. Process.,2375-4699,21,5,,"Ahmed, Usman and Lin, Jerry Chun-Wei and Srivastava, Gautam",https://doi.org/10.1145/3506701,,Association for Computing Machinery,"New York, NY, USA",,"RAYYAN-INCLUSION: {""chaimae.asaad""=>""Included""}",10.1145/3506701,human intervention;constraint sets;deep learning;Fuzzy system,,
rayyan-455230647,People’s Perspectives on Social Media Use during COVID-19 Pandemic - Proceedings of the 20th International Conference on Mobile and Ubiquitous Multimedia,2022,,,,,,,123–130,"Karhu, Mari and Suoheimo, Mari and H\""{a}kkil\""{a}, Jonna",https://doi.org/10.1145/3490632.3490666,,Association for Computing Machinery,"New York, NY, USA",,"RAYYAN-INCLUSION: {""chaimae.asaad""=>""Included""}",10.1145/3490632.3490666,online culture;user studies;pandemic;social media;COVID-19;Multimedia,,
rayyan-455230648,"Association between Smartphone Addiction and Mental Health during the COVID-19 Pandemic 2021 among Inner Mongolia Medical University Students, China - Proceedings of the 2021 International Conference on Intelligent Medicine and Health",2022,,,,,,,115–124,"Zhao, Longlong and Hounnaklang, Nuchanad",https://doi.org/10.1145/3484377.3487040,,Association for Computing Machinery,"New York, NY, USA",,"RAYYAN-INCLUSION: {""chaimae.asaad""=>""Included""}",10.1145/3484377.3487040,Anxiety;Depression;Mental Health;Smartphone addiction;Stress;China,,
rayyan-455230649,Social Media as Information Support in Reducing COVID – 19 Depressions: Self-Efficacy as Mediator for Behavioral Modeling,2021,,,2021 11th International Conference on Intelligent Control and Information Processing (ICICIP),VO  -,,,82-87,M. S. U. Sourav and X. Zhang and H. Wang,,,,,,"RAYYAN-INCLUSION: {""chaimae.asaad""=>""Included""}",10.1109/ICICIP53388.2021.9642194,COVID-19;Social networking (online);Statistical analysis;Pandemics;Computational modeling;Mental health;Information processing;behavioral modeling;depression;self-efficacy;social computing;social network.,,
rayyan-455230650,Mediated Solidarity and Community Resilience on Twitter During Covid-19 Pandemic in Indonesia,2021,,,"2021 International Conference Advancement in Data Science, E-learning and Information Systems (ICADEIS)",VO  -,,,1-7,A. F. Kalaloi and A. Primayanti and I. A. Dianita and G. Mahestu and P. Dirgantara,,,,,,"RAYYAN-INCLUSION: {""chaimae.asaad""=>""Included""}",10.1109/ICADEIS52521.2021.9702089,COVID-19;Electronic learning;Social networking (online);Pandemics;Blogs;Machine learning;Media;Community Resilience;Covid-19 Pandemic;Mediated Solidarity;Twitter Analytic,,
rayyan-455230651,The Impact of Social Media Use on Young Adults’ Quality of Life During the COVID-19 Pandemic in South India,2022,,,2022 IEEE Global Humanitarian Technology Conference (GHTC),2377-6919     VO  -,,,318-324,J. S. v. Lieres and G. Cauvery,,,,,,"RAYYAN-INCLUSION: {""chaimae.asaad""=>""Included""}",10.1109/GHTC55712.2022.9910989,COVID-19;Social networking (online);Pandemics;Sociology;Mental health;Size measurement;Particle measurements;social media use;quality of life;social connectedness;Quality of Life;India,,
rayyan-455230652,COVID-19 Impact on Mental Health Analysis based on Reddit Comments,2022,,,2022 IEEE International Conference on Bioinformatics and Biomedicine (BIBM),VO  -,,,2253-2258,J. Q. Chen and K. Qi and A. Zhang and M. Shalaginov and T. H. Zeng,,,,,,"RAYYAN-INCLUSION: {""chaimae.asaad""=>""Included""}",10.1109/BIBM55620.2022.9995512,COVID-19;Support vector machines;Recurrent neural networks;Pandemics;Social networking (online);Mental health;Medical services;machine learning;sentiment analysis;mental health;natural language processing;Reddit;support vector machine,,
rayyan-455230653,Malay Tweets: Discovering Mental Health Situation during COVID-19 Pandemic in Malaysia,2021,,,2021 IEEE 19th Student Conference on Research and Development (SCOReD),2643-2447     VO  -,,,58-63,R. A. Sabaruddin and S. Saee,,,,,,"RAYYAN-INCLUSION: {""chaimae.asaad""=>""Included""}",10.1109/SCOReD53546.2021.9652759,Support vector machines;COVID-19;Sentiment analysis;Social networking (online);Pandemics;Data visualization;Mental health;Social media NLP;Machine Learning;Malaysia,,
rayyan-455230654,Analysis of Mental Health During the Covid-19 Pandemic in Indonesia using Twitter Data,2021,,,"2021 8th International Conference on Advanced Informatics: Concepts, Theory and Applications (ICAICTA)",VO  -,,,1-6,N. Fatimah and I. Budi and A. B. Santoso and P. K. Putra,,,,,,"RAYYAN-INCLUSION: {""chaimae.asaad""=>""Included""}",10.1109/ICAICTA53211.2021.9640265,Support vector machines;COVID-19;Machine learning algorithms;Social networking (online);Pandemics;Anxiety disorders;Mental health;Machine Learning;Twitter;Mental Health;Covid-19,,
rayyan-455230655,My Mind is a Prison: A Boosted Deep Learning approach to detect the rise in depression since COVID-19 using a stacked bi-LSTM CatBoost model,2021,,,2021 IEEE International Conference on Big Data (Big Data),VO  -,,,4396-4400,S. Nandy and V. Kumar,,,,,,"RAYYAN-INCLUSION: {""chaimae.asaad""=>""Included""}",10.1109/BigData52589.2021.9671482,Deep learning;COVID-19;Social networking (online);Pandemics;Blogs;Multimedia Web sites;Mental health;Sentiment analysis;Text analysis;Long Short Term Memory;CatBoost;Prisons;Prisoners,,
rayyan-455230656,Determining factors contributing to the psychological impact of the COVID-19 Pandemic using machine learning,2021,,,2021 International Conference on Artificial Intelligence in Information and Communication (ICAIIC),VO  -,,,219-224,C. A. V. Palattao and G. A. Solano and C. A. Tee and M. L. Tee,,,,,,"RAYYAN-INCLUSION: {""chaimae.asaad""=>""Included""}",10.1109/ICAIIC51459.2021.9415276,COVID-19;Pandemics;Social networking (online);Sociology;Machine learning;Mental health;Depression;Mental Health;Stress;Anxiety;Impact of Event;Machine Learning;Feature Selection,,
rayyan-455230657,Analysis Of COVID-19 Effects On Wellbeing - Study Of Reddit Posts Using Natural Language Processing Techniques,2022,,,"2022 International Conference on Emerging Trends in Electrical, Control, and Telecommunication Engineering (ETECTE)",VO  -,,,1-7,H. U. Abro and Z. S. Shah and H. Abbasi,,,,,,"RAYYAN-INCLUSION: {""chaimae.asaad""=>""Included""}",10.1109/ETECTE55893.2022.10007300,COVID-19;Pandemics;Social networking (online);Mental health;Propagation losses;Natural language processing;Compounds;Natural Language Processing;Reddit;Sentimental analysis;Social media;Coronavirus;Context-based analysis;Health issues;Well-being;VADER;NRC-EIL,,
rayyan-455230658,COVID-19 Pandemic Lockdown and Wellbeing: Experiences from Aotearoa New Zealand in 2020,2022,,,International Journal of Environmental Research and Public Health,1660-4601,19,4,,"Officer, Tara N. and Imlach, Fiona and McKinlay, Eileen and Kennedy, Jonathan and Pledger, Megan and Russell, Lynne and Churchward, Marianna and Cumming, Jacqueline and McBride-Henry, Karen",,,,,,"RAYYAN-INCLUSION: {""chaimae.asaad""=>""Included""}",10.3390/ijerph19042269,COVID-19;wellbeing;Aotearoa New Zealand;mental health;social distancing;lockdown;New Zealand,,
rayyan-455230659,COVID-19-Related Social Isolation Predispose to Problematic Internet and Online Video Gaming Use in Italy,2022,,,International Journal of Environmental Research and Public Health,1660-4601,19,3,,"Volpe, Umberto and Orsolini, Laura and Salvi, Virginio and Albert, Umberto and Carmassi, Claudia and Carrà, Giuseppe and Cirulli, Francesca and Dell’Osso, Bernardo and Luciano, Mario and Menculini, Giulia and Nanni, Maria G. and Pompili, Maurizio and Sani, Gabriele and Sampogna, Gaia and Group, Working and Fiorillo, Andrea",,,,,,"RAYYAN-INCLUSION: {""chaimae.asaad""=>""Included""}",10.3390/ijerph19031539,COVID-19;gaming disorder;impulsiveness;internet addiction;problematic internet use;smartphone;smartphone addiction;Italy;Internet;Social Isolation,,
rayyan-455230660,Is Social Media a New Type of Social Support? Social Media Use in Spain during the COVID-19 Pandemic: A Mixed Methods Study,2022,,,International Journal of Environmental Research and Public Health,1660-4601,19,7,,"Rosen, Aviana O. and Holmes, Ashley L. and Balluerka, Nekane and Hidalgo, Maria D. and Gorostiaga, Arantxa and Gómez-Benito, Juana and Huedo-Medina, Tania B.",,,,,,"RAYYAN-INCLUSION: {""chaimae.asaad""=>""Included""}",10.3390/ijerph19073952,COVID-19 pandemic;social media;social support;qualitative research;survey research;health promotion;interpersonal communication,,
rayyan-455230661,Social Media Addiction during COVID-19-Mandated Physical Distancing: Relatedness Needs as Motives,2022,,,International Journal of Environmental Research and Public Health,1660-4601,19,8,,"Cheng, Cecilia and Lau, Yan-Ching",,,,,,"RAYYAN-INCLUSION: {""chaimae.asaad""=>""Included""}",10.3390/ijerph19084621,information technology addiction;mental health;psychological need;social distancing;social media use;social networking,,
rayyan-455230662,"Associations between Fear of COVID-19, Depression, and Internet Addiction in South Korean Adults",2022,,,Healthcare,2227-9032,10,5,,"Lee, Jung J. and Shin, Sun-Hwa",,,,,,"RAYYAN-INCLUSION: {""chaimae.asaad""=>""Included""}",10.3390/healthcare10050861,coronavirus disease 2019;internet addiction;fear;depression;Internet,,
rayyan-455230663,Determinants of Quality of Life in the COVID-19 Pandemic Situation among Persons Using Psychological Help at Various Stages of the Pandemic,2022,,,International Journal of Environmental Research and Public Health,1660-4601,19,10,,"Chwaszcz, Joanna and Wiechetek, Michał and Bartczuk, Rafał P. and Niewiadomska, Iwona and Wośko, Patrycja",,,,,,"RAYYAN-INCLUSION: {""chaimae.asaad""=>""Included""}",10.3390/ijerph19106023,COVID-19;coronavirus;quality of life;coping;resources;well-being;mental health;Quality of Life,,
rayyan-455230664,The Invisible Suffering of Young People during the COVID-19 Pandemic in Spain and the Collateral Impact of Social Harm,2022,,,Social Sciences,2076-0760,11,8,,"Cordero Verdugo, Raquel R. and Silva Esquinas, Antonio and Pérez Suárez, Jorge R.",,,,,,"RAYYAN-INCLUSION: {""chaimae.asaad""=>""Included""}",10.3390/socsci11080335,COVID-19;lockdown;adolescent;digital divide;social harm;mental health;anti-normative behaviour;Spain,,
rayyan-455230665,University Students&rsquo; Mental Health and Well-Being during the COVID-19 Pandemic: Findings from the UniCoVac Qualitative Study,2022,,,International Journal of Environmental Research and Public Health,1660-4601,19,15,,"Gogoi, Mayuri and Webb, Adam and Pareek, Manish and Bayliss, Christopher D. and Gies, Lieve",,,,,,"RAYYAN-INCLUSION: {""chaimae.asaad""=>""Included""}",10.3390/ijerph19159322,mental health and well-being;university students;COVID-19 pandemic;isolation;academic and financial concerns;coping and resilience,,
rayyan-455230666,Mining voices from self-expressed messages on social-media: Diagnostics of mental distress during COVID-19,2022,11,1,Business and Government Applications of Text Mining & Natural Language Processing (NLP) for Societal Benefit,0167-9236,162,,113792,"Kumar, Rahul and Mukherjee, Shubhadeep and Choi, Tsan-Ming and Dhamotharan, Lalitha",https://www.sciencedirect.com/science/article/pii/S016792362200063X,,,,,"RAYYAN-INCLUSION: {""chaimae.asaad""=>""Included""}",https://doi.org/10.1016/j.dss.2022.113792,Mental health;Depression;Suicidal ideation;Natural language processing;Social-media;COVID-19;Pandemic,,
rayyan-455230667,Results of the COVID-19 mental health international for the general population (COMET-G) study,2022,1,1,European Neuropsychopharmacology,0924-977X,54,,21-40,"Fountoulakis, Konstantinos N and Karakatsoulis, Grigorios and Abraham, Seri and Adorjan, Kristina and Ahmed, Helal Uddin and Alarcón, Renato D. and Arai, Kiyomi and Auwal, Sani Salihu and Berk, Michael and Bjedov, Sarah and Bobes, Julio and Bobes-Bascaran, Teresa and Bourgin-Duchesnay, Julie and Bredicean, Cristina Ana and Bukelskis, Laurynas and Burkadze, Akaki and Abud, Indira Indiana Cabrera and Castilla-Puentes, Ruby and Cetkovich, Marcelo and Colon-Rivera, Hector and Corral, Ricardo and Cortez-Vergara, Carla and Crepin, Piirika and De Berardis, Domenico and Zamora Delgado, Sergio and De Lucena, David and De Sousa, Avinash and Stefano, Ramona Di and Dodd, Seetal and Elek, Livia Priyanka and Elissa, Anna and Erdelyi-Hamza, Berta and Erzin, Gamze and Etchevers, Martin J. and Falkai, Peter and Farcas, Adriana and Fedotov, Ilya and Filatova, Viktoriia and Fountoulakis, Nikolaos K. and Frankova, Iryna and Franza, Francesco and Frias, Pedro and Galako, Tatiana and Garay, Cristian J. and Garcia-Álvarez, Leticia and García-Portilla, Maria Paz and Gonda, Xenia and Gondek, Tomasz M. and González, Daniela Morera and Gould, Hilary and Grandinetti, Paolo and Grau, Arturo and Groudeva, Violeta and Hagin, Michal and Harada, Takayuki and Hasan, M. Tasdik and Hashim, Nurul Azreen and Hilbig, Jan and Hossain, Sahadat and Iakimova, Rossitza and Ibrahim, Mona and Iftene, Felicia and Ignatenko, Yulia and Irarrazaval, Matias and Ismail, Zaliha and Ismayilova, Jamila and Jacobs, Asaf and Jakovljević, Miro and Jakšić, Nenad and Javed, Afzal and Kafali, Helin Yilmaz and Karia, Sagar and Kazakova, Olga and Khalifa, Doaa and Khaustova, Olena and Koh, Steve and Kopishinskaia, Svetlana and Kosenko, Korneliia and Koupidis, Sotirios A. and Kovacs, Illes and Kulig, Barbara and Lalljee, Alisha and Liewig, Justine and Majid, Abdul and Malashonkova, Evgeniia and Malik, Khamelia and Malik, Najma Iqbal and Mammadzada, Gulay and Mandalia, Bilvesh and Marazziti, Donatella and Marčinko, Darko and Martinez, Stephanie and Matiekus, Eimantas and Mejia, Gabriela and Memon, Roha Saeed and Martínez, Xarah Elenne Meza and Mickevičiūtė, Dalia and Milev, Roumen and Mohammed, Muftau and Molina-López, Alejandro and Morozov, Petr and Muhammad, Nuru Suleiman and Mustač, Filip and Naor, Mika S. and Nassieb, Amira and Navickas, Alvydas and Okasha, Tarek and Pandova, Milena and Panfil, Anca-Livia and Panteleeva, Liliya and Papava, Ion and Patsali, Mikaella E. and Pavlichenko, Alexey and Pejuskovic, Bojana and Pinto Da Costa, Mariana and Popkov, Mikhail and Popovic, Dina and Raduan, Nor Jannah Nasution and Ramírez, Francisca Vargas and Rancans, Elmars and Razali, Salmi and Rebok, Federico and Rewekant, Anna and Flores, Elena Ninoska Reyes and Rivera-Encinas, María Teresa and Saiz, Pilar and de Carmona, Manuel Sánchez and Martínez, David Saucedo and Saw, Jo Anne and Saygili, Görkem and Schneidereit, Patricia and Shah, Bhumika and Shirasaka, Tomohiro and Silagadze, Ketevan and Sitanggang, Satti and Skugarevsky, Oleg and Spikina, Anna and Mahalingappa, Sridevi Sira and Stoyanova, Maria and Szczegielniak, Anna and Tamasan, Simona Claudia and Tavormina, Giuseppe and Tavormina, Maurilio Giuseppe Maria and Theodorakis, Pavlos N. and Tohen, Mauricio and Tsapakis, Eva Maria and Tukhvatullina, Dina and Ullah, Irfan and Vaidya, Ratnaraj and Vega-Dienstmaier, Johann M. and Vrublevska, Jelena and Vukovic, Olivera and Vysotska, Olga and Widiasih, Natalia and Yashikhina, Anna and Prezerakos, Panagiotis E. and Smirnova, Daria",https://www.sciencedirect.com/science/article/pii/S0924977X21007756,,,,,"RAYYAN-INCLUSION: {""chaimae.asaad""=>""Included""}",https://doi.org/10.1016/j.euroneuro.2021.10.004,COVID-19;Depression;Suicidality;Mental health;Conspiracy theories;Mental disorders;Psychiatry;Anxiety,,
rayyan-455230668,Coping with pandemics using social network sites: A psychological detachment perspective to COVID-19 stressors,2022,6,1,Technological Forecasting and Social Change,0040-1625,179,,121660,"Mäntymäki, Matti and Najmul Islam, A.K.M. and Turel, Ofir and Dhir, Amandeep",https://www.sciencedirect.com/science/article/pii/S0040162522001925,,,,,"RAYYAN-INCLUSION: {""chaimae.asaad""=>""Included""}",https://doi.org/10.1016/j.techfore.2022.121660,Coping;Social media;Social networking sites;Pandemics;Psychological detachment;Stress;COVID-19;Social Support,,
rayyan-455230669,"The effect of COVID-19 uncertainty on internet addiction, happiness and life satisfaction in adolescents",2022,12,1,Archives of Psychiatric Nursing,0883-9417,41,,20-26,"Evli, Mahmut and Şimşek, Nuray",https://www.sciencedirect.com/science/article/pii/S0883941722000802,,,,,"RAYYAN-INCLUSION: {""chaimae.asaad""=>""Included""}",https://doi.org/10.1016/j.apnu.2022.07.008,COVID-19 uncertainty;Internet addiction;Happiness;Life satisfaction;Adolescents;Adolescent;Internet,,
rayyan-455230670,Meaning in life as a mediator between interpersonal alienation and smartphone addiction in the context of Covid-19: A three-wave longitudinal study,2022,2,1,Computers in Human Behavior,0747-5632,127,,107058,"Hu, Qiong and Liu, Qinxue and Wang, Zongyuan",https://www.sciencedirect.com/science/article/pii/S0747563221003812,,,,,"RAYYAN-INCLUSION: {""chaimae.asaad""=>""Included""}",https://doi.org/10.1016/j.chb.2021.107058,Covid-19 epidemic;Interpersonal alienation;Meaning in life;Smartphone addiction;Longitudinal tracking;Longitudinal Studies;Emigrants and Immigrants,,
rayyan-455230671,Relationship between adolescents’ perceptions of social support and their psychological well-being during COVID-19 Pandemic: A case study from Turkey,2022,6,1,Children and Youth Services Review,0190-7409,137,,106491,"Kurudirek, Fatma and Arıkan, Duygu and Ekici, Sümeyye",https://www.sciencedirect.com/science/article/pii/S019074092200127X,,,,,"RAYYAN-INCLUSION: {""chaimae.asaad""=>""Included""}",https://doi.org/10.1016/j.childyouth.2022.106491,COVID-19;Adolescent;Psychological well-being;Social support;Social Perception;Turkey;Turkeys,,
rayyan-455230672,Prevalence and determinants of internet addiction among adults during the COVID-19 pandemic in Bangladesh: An online cross-sectional study,2022,7,1,Heliyon,2405-8440,8,7,e09967,"Biswas, Poly Rani and Ahammed, Benojir and Rahman, Md. Shiafur and Nirob, Byazid Mahin and Hossain, Md. Tanvir",https://www.sciencedirect.com/science/article/pii/S2405844022012555,,,,,"RAYYAN-INCLUSION: {""chaimae.asaad""=>""Included""}",https://doi.org/10.1016/j.heliyon.2022.e09967,COVID-19;Internet addiction;Prevalence;Adult;Bangladesh;Cross-Sectional Studies;Cesarean Section;Internet,,
