created_at,user_id,user_email,article_id,key,value
2023-03-20T15:51:58.507Z,130071,chaimae.asaad@uir.ac.ma,449190247,"""rq2""",1
2023-03-20T15:51:58.991Z,130071,chaimae.asaad@uir.ac.ma,449190247,included,-1
2023-03-20T15:55:45.129Z,130071,chaimae.asaad@uir.ac.ma,449190351,"""rq2""",1
2023-03-20T15:55:46.458Z,130071,chaimae.asaad@uir.ac.ma,449190351,included,-1
2023-03-20T15:56:44.899Z,130071,chaimae.asaad@uir.ac.ma,449190366,"""rq2""",1
2023-03-20T15:56:45.540Z,130071,chaimae.asaad@uir.ac.ma,449190366,included,-1
2023-03-20T15:57:02.087Z,130071,chaimae.asaad@uir.ac.ma,449190369,"""rq2""",1
2023-03-20T15:57:03.259Z,130071,chaimae.asaad@uir.ac.ma,449190369,included,-1
2023-03-20T15:58:03.779Z,130071,chaimae.asaad@uir.ac.ma,449190384,"""rq2""",1
2023-03-20T15:58:04.451Z,130071,chaimae.asaad@uir.ac.ma,449190384,included,-1
2023-03-20T15:58:08.951Z,130071,chaimae.asaad@uir.ac.ma,449190385,"""rq2""",1
2023-03-20T15:58:09.638Z,130071,chaimae.asaad@uir.ac.ma,449190385,included,-1
2023-03-20T15:58:38.437Z,130071,chaimae.asaad@uir.ac.ma,449190393,"""rq2""",1
2023-03-20T15:58:38.968Z,130071,chaimae.asaad@uir.ac.ma,449190393,included,-1
2023-03-20T15:58:44.969Z,130071,chaimae.asaad@uir.ac.ma,449190396,"""rq2""",1
2023-03-20T15:58:45.500Z,130071,chaimae.asaad@uir.ac.ma,449190396,included,-1
2023-03-20T15:58:56.204Z,130071,chaimae.asaad@uir.ac.ma,449190398,"""rq2""",1
2023-03-20T15:58:56.860Z,130071,chaimae.asaad@uir.ac.ma,449190398,included,-1
2023-03-20T16:00:58.820Z,130071,chaimae.asaad@uir.ac.ma,449190430,"""rq2""",1
2023-03-20T16:00:59.570Z,130071,chaimae.asaad@uir.ac.ma,449190430,included,-1
2023-03-20T16:07:25.531Z,130071,chaimae.asaad@uir.ac.ma,449190537,"""rq2""",1
2023-03-20T16:07:26.937Z,130071,chaimae.asaad@uir.ac.ma,449190537,included,-1
2023-03-20T16:08:44.067Z,130071,chaimae.asaad@uir.ac.ma,449190549,"""rq2""",1
2023-03-20T16:08:44.739Z,130071,chaimae.asaad@uir.ac.ma,449190549,included,-1
