created_at,user_id,user_email,article_id,key,value
2023-03-20T15:54:00.233Z,130071,chaimae.asaad@uir.ac.ma,449190337,included,1
2023-03-20T15:54:09.389Z,130071,chaimae.asaad@uir.ac.ma,449190338,included,1
2023-03-20T15:54:27.500Z,130071,chaimae.asaad@uir.ac.ma,449190340,included,1
2023-03-20T15:54:48.017Z,130071,chaimae.asaad@uir.ac.ma,449190343,included,1
2023-03-20T15:55:13.253Z,130071,chaimae.asaad@uir.ac.ma,449190346,included,1
2023-03-20T16:07:42.266Z,130071,chaimae.asaad@uir.ac.ma,449190539,included,1
2023-03-20T16:08:13.862Z,130071,chaimae.asaad@uir.ac.ma,449190545,included,1
2023-03-20T16:09:19.881Z,130071,chaimae.asaad@uir.ac.ma,449190555,included,1
2023-03-20T16:09:45.727Z,130071,chaimae.asaad@uir.ac.ma,449190557,included,1
2023-03-20T16:09:59.899Z,130071,chaimae.asaad@uir.ac.ma,449190559,included,1
2023-03-20T16:10:02.681Z,130071,chaimae.asaad@uir.ac.ma,449190560,included,1
2023-03-20T16:10:35.026Z,130071,chaimae.asaad@uir.ac.ma,449190562,included,1
2023-03-20T16:10:54.168Z,130071,chaimae.asaad@uir.ac.ma,449190563,included,1
2023-03-20T16:11:54.375Z,130071,chaimae.asaad@uir.ac.ma,449190565,included,1
2023-03-20T16:13:24.052Z,130071,chaimae.asaad@uir.ac.ma,449190571,included,1
2023-03-20T16:18:23.070Z,130071,chaimae.asaad@uir.ac.ma,449190658,included,-1
2023-03-20T16:18:31.664Z,130071,chaimae.asaad@uir.ac.ma,449190658,included,1
2023-03-20T16:18:50.884Z,130071,chaimae.asaad@uir.ac.ma,449190664,included,1
2023-03-20T16:19:17.136Z,130071,chaimae.asaad@uir.ac.ma,449190667,included,1
2023-03-20T16:20:46.016Z,130071,chaimae.asaad@uir.ac.ma,449190674,included,1
2023-03-20T16:21:05.845Z,130071,chaimae.asaad@uir.ac.ma,449190677,included,-1
2023-03-20T16:21:15.096Z,130071,chaimae.asaad@uir.ac.ma,449190677,included,1
2023-03-20T16:22:23.553Z,130071,chaimae.asaad@uir.ac.ma,449190687,included,1
2023-03-20T16:22:31.959Z,130071,chaimae.asaad@uir.ac.ma,449190688,included,1
2023-03-20T16:28:55.170Z,130071,chaimae.asaad@uir.ac.ma,449193509,included,1
2023-03-20T16:29:57.392Z,130071,chaimae.asaad@uir.ac.ma,449193779,included,1
2023-03-20T16:30:40.973Z,130071,chaimae.asaad@uir.ac.ma,449193787,included,1
2023-03-20T16:30:51.223Z,130071,chaimae.asaad@uir.ac.ma,449193791,included,1
2023-03-20T16:31:23.663Z,130071,chaimae.asaad@uir.ac.ma,449193797,included,1
2023-03-20T16:32:38.230Z,130071,chaimae.asaad@uir.ac.ma,449193759,included,1
2023-03-20T16:33:17.326Z,130071,chaimae.asaad@uir.ac.ma,449193763,included,1
