created_at,user_id,user_email,article_id,key,value
2023-03-15T13:37:45.804Z,130071,chaimae.asaad@uir.ac.ma,959057768,included,1
2023-03-15T13:51:21.986Z,130071,chaimae.asaad@uir.ac.ma,959058498,included,1
2023-03-15T13:51:29.392Z,130071,chaimae.asaad@uir.ac.ma,959058499,included,1
2023-03-15T13:52:10.721Z,130071,chaimae.asaad@uir.ac.ma,959058503,included,1
2023-03-15T13:52:27.409Z,130071,chaimae.asaad@uir.ac.ma,959058505,included,1
2023-03-15T13:52:40.877Z,130071,chaimae.asaad@uir.ac.ma,959058507,included,1
2023-03-15T13:53:05.237Z,130071,chaimae.asaad@uir.ac.ma,959058508,included,1
2023-03-15T13:53:22.581Z,130071,chaimae.asaad@uir.ac.ma,959058512,included,1
2023-03-15T13:53:34.644Z,130071,chaimae.asaad@uir.ac.ma,959058514,included,1
2023-03-15T13:53:45.363Z,130071,chaimae.asaad@uir.ac.ma,959058517,included,1
2023-03-15T13:54:15.535Z,130071,chaimae.asaad@uir.ac.ma,959058521,included,1
2023-03-15T13:54:39.598Z,130071,chaimae.asaad@uir.ac.ma,959058523,included,1
2023-03-15T13:54:44.332Z,130071,chaimae.asaad@uir.ac.ma,959058524,included,1
2023-03-15T13:59:26.273Z,130071,chaimae.asaad@uir.ac.ma,959058694,included,1
2023-03-15T13:59:37.476Z,130071,chaimae.asaad@uir.ac.ma,959058695,included,1
2023-03-15T13:59:42.601Z,130071,chaimae.asaad@uir.ac.ma,959058696,included,1
2023-03-15T13:59:51.195Z,130071,chaimae.asaad@uir.ac.ma,959058698,included,1
2023-03-15T14:00:48.227Z,130071,chaimae.asaad@uir.ac.ma,959058701,included,1
2023-03-15T14:01:44.431Z,130071,chaimae.asaad@uir.ac.ma,959058704,"""rq3""",1
2023-03-15T14:01:46.462Z,130071,chaimae.asaad@uir.ac.ma,959058704,included,-1
2023-03-15T14:02:07.134Z,130071,chaimae.asaad@uir.ac.ma,959058704,included,1
2023-03-15T14:08:34.779Z,130071,chaimae.asaad@uir.ac.ma,959058993,included,1
2023-03-15T14:09:14.874Z,130071,chaimae.asaad@uir.ac.ma,959058998,included,1
2023-03-15T14:15:50.113Z,130071,chaimae.asaad@uir.ac.ma,959059001,included,1
2023-03-15T14:15:55.503Z,130071,chaimae.asaad@uir.ac.ma,959059002,included,1
2023-03-15T14:18:11.927Z,130071,chaimae.asaad@uir.ac.ma,959059007,included,1
2023-03-15T14:18:15.661Z,130071,chaimae.asaad@uir.ac.ma,959059007,"""rq2""",1
2023-03-15T14:18:53.349Z,130071,chaimae.asaad@uir.ac.ma,959059008,included,1
2023-03-15T14:19:08.068Z,130071,chaimae.asaad@uir.ac.ma,959059011,included,1
2023-03-15T14:19:16.318Z,130071,chaimae.asaad@uir.ac.ma,959059012,included,1
2023-03-15T14:20:06.912Z,130071,chaimae.asaad@uir.ac.ma,959059016,included,1
2023-03-15T14:20:43.147Z,130071,chaimae.asaad@uir.ac.ma,959059018,included,1
2023-03-15T14:21:20.101Z,130071,chaimae.asaad@uir.ac.ma,959059023,included,1
2023-03-15T14:21:56.211Z,130071,chaimae.asaad@uir.ac.ma,959059025,included,1
2023-03-15T14:21:59.742Z,130071,chaimae.asaad@uir.ac.ma,959059026,included,1
2023-03-15T14:22:10.195Z,130071,chaimae.asaad@uir.ac.ma,959059028,included,1
2023-03-15T14:22:58.461Z,130071,chaimae.asaad@uir.ac.ma,959059034,included,1
2023-03-15T14:23:13.008Z,130071,chaimae.asaad@uir.ac.ma,959059035,included,1
2023-03-15T14:23:23.696Z,130071,chaimae.asaad@uir.ac.ma,959059036,included,1
2023-03-15T14:23:37.415Z,130071,chaimae.asaad@uir.ac.ma,959059038,included,1
2023-03-15T14:24:35.447Z,130071,chaimae.asaad@uir.ac.ma,959059040,included,1
2023-03-15T14:24:45.619Z,130071,chaimae.asaad@uir.ac.ma,959059042,included,1
2023-03-15T14:24:48.634Z,130071,chaimae.asaad@uir.ac.ma,959059047,included,1
2023-03-15T14:25:32.026Z,130071,chaimae.asaad@uir.ac.ma,959059052,included,1
2023-03-15T14:25:36.901Z,130071,chaimae.asaad@uir.ac.ma,959059054,included,1
2023-03-15T14:26:14.667Z,130071,chaimae.asaad@uir.ac.ma,959059058,included,1
2023-03-15T14:29:26.731Z,130071,chaimae.asaad@uir.ac.ma,959059061,included,-1
2023-03-15T14:29:28.622Z,130071,chaimae.asaad@uir.ac.ma,959059061,included,1
2023-03-15T14:30:05.263Z,130071,chaimae.asaad@uir.ac.ma,959059063,included,-1
2023-03-15T14:30:23.529Z,130071,chaimae.asaad@uir.ac.ma,959059063,included,1
2023-03-15T14:31:41.499Z,130071,chaimae.asaad@uir.ac.ma,959059064,included,1
2023-03-15T14:32:54.984Z,130071,chaimae.asaad@uir.ac.ma,959059072,included,1
2023-03-15T14:33:13.844Z,130071,chaimae.asaad@uir.ac.ma,959059074,included,1
2023-03-15T14:34:37.938Z,130071,chaimae.asaad@uir.ac.ma,959059080,included,1
2023-03-15T14:38:54.723Z,130071,chaimae.asaad@uir.ac.ma,959059257,included,-1
2023-03-15T14:38:58.316Z,130071,chaimae.asaad@uir.ac.ma,959059257,included,1
2023-03-15T14:42:31.147Z,130071,chaimae.asaad@uir.ac.ma,959059291,included,1
2023-03-15T14:42:43.147Z,130071,chaimae.asaad@uir.ac.ma,959059294,included,1
2023-03-15T14:42:49.647Z,130071,chaimae.asaad@uir.ac.ma,959059295,included,1
2023-03-15T14:43:18.882Z,130071,chaimae.asaad@uir.ac.ma,959059299,included,0
2023-03-15T14:43:24.726Z,130071,chaimae.asaad@uir.ac.ma,959059299,included,1
2023-03-17T14:30:38.915Z,130071,chaimae.asaad@uir.ac.ma,959059303,included,1
2023-03-17T14:32:35.416Z,130071,chaimae.asaad@uir.ac.ma,959059320,included,1
2023-03-17T14:32:57.994Z,130071,chaimae.asaad@uir.ac.ma,959059322,included,1
2023-03-17T14:35:27.027Z,130071,chaimae.asaad@uir.ac.ma,959059340,included,1
2023-03-17T14:35:38.855Z,130071,chaimae.asaad@uir.ac.ma,959059341,included,1
2023-03-17T14:39:17.108Z,130071,chaimae.asaad@uir.ac.ma,959059368,included,1
2023-03-17T14:40:03.984Z,130071,chaimae.asaad@uir.ac.ma,959059372,included,1
2023-03-17T14:40:24.953Z,130071,chaimae.asaad@uir.ac.ma,959059372,included,1
2023-03-17T14:43:17.861Z,130071,chaimae.asaad@uir.ac.ma,959059406,included,1
2023-03-17T14:45:43.050Z,130071,chaimae.asaad@uir.ac.ma,959059417,"""rq3""",1
2023-03-17T14:45:44.691Z,130071,chaimae.asaad@uir.ac.ma,959059417,included,1
2023-03-17T14:45:52.300Z,130071,chaimae.asaad@uir.ac.ma,959059417,included,-1
2023-03-17T14:45:59.363Z,130071,chaimae.asaad@uir.ac.ma,959059417,included,1
2023-03-17T14:46:14.019Z,130071,chaimae.asaad@uir.ac.ma,959059558,included,1
2023-03-17T14:46:56.332Z,130071,chaimae.asaad@uir.ac.ma,959059561,included,1
2023-03-17T14:47:03.786Z,130071,chaimae.asaad@uir.ac.ma,959059562,included,1
2023-03-17T14:47:18.583Z,130071,chaimae.asaad@uir.ac.ma,959059566,included,1
2023-03-17T14:47:26.286Z,130071,chaimae.asaad@uir.ac.ma,959059568,included,1
2023-03-17T14:47:49.286Z,130071,chaimae.asaad@uir.ac.ma,959059571,included,1
2023-03-17T15:09:17.066Z,130071,chaimae.asaad@uir.ac.ma,959059584,included,1
2023-03-17T15:17:12.088Z,130071,chaimae.asaad@uir.ac.ma,959059598,included,-1
2023-03-17T15:17:13.760Z,130071,chaimae.asaad@uir.ac.ma,959059598,included,1
2023-03-17T15:28:39.737Z,130071,chaimae.asaad@uir.ac.ma,959059658,included,-1
2023-03-17T15:28:44.518Z,130071,chaimae.asaad@uir.ac.ma,959059658,included,1
2023-03-17T15:29:24.581Z,130071,chaimae.asaad@uir.ac.ma,959059661,included,1
2023-03-17T15:31:27.442Z,130071,chaimae.asaad@uir.ac.ma,959059672,included,1
