created_at,user_id,user_email,article_id,key,value
2023-03-20T12:01:22.372Z,130071,chaimae.asaad@uir.ac.ma,447679008,"""rq3""",1
2023-03-20T12:01:23.263Z,130071,chaimae.asaad@uir.ac.ma,447679008,included,-1
2023-03-20T13:00:33.943Z,130071,chaimae.asaad@uir.ac.ma,447681936,"""rq3""",1
2023-03-20T13:00:34.677Z,130071,chaimae.asaad@uir.ac.ma,447681936,included,-1
2023-03-20T13:15:54.185Z,130071,chaimae.asaad@uir.ac.ma,447682134,"""rq3""",1
2023-03-20T13:15:55.794Z,130071,chaimae.asaad@uir.ac.ma,447682134,included,1
2023-03-20T13:15:56.747Z,130071,chaimae.asaad@uir.ac.ma,447682134,included,-1
