created_at,user_id,user_email,article_id,key,value
2023-03-20T12:15:21.672Z,130071,chaimae.asaad@uir.ac.ma,447680947,included,1
2023-03-20T12:15:29.672Z,130071,chaimae.asaad@uir.ac.ma,447680949,included,1
2023-03-20T12:15:47.189Z,130071,chaimae.asaad@uir.ac.ma,447680950,included,1
2023-03-20T12:19:41.922Z,130071,chaimae.asaad@uir.ac.ma,447680956,included,1
2023-03-20T12:37:53.909Z,130071,chaimae.asaad@uir.ac.ma,447680970,included,1
2023-03-20T12:37:58.347Z,130071,chaimae.asaad@uir.ac.ma,447680972,included,1
2023-03-20T12:38:02.816Z,130071,chaimae.asaad@uir.ac.ma,447680973,included,1
2023-03-20T12:38:07.082Z,130071,chaimae.asaad@uir.ac.ma,447680974,included,1
2023-03-20T12:38:10.957Z,130071,chaimae.asaad@uir.ac.ma,447680976,included,1
2023-03-20T12:38:11.223Z,130071,chaimae.asaad@uir.ac.ma,447680976,included,1
2023-03-20T12:38:26.770Z,130071,chaimae.asaad@uir.ac.ma,447680980,included,1
2023-03-20T12:44:23.840Z,130071,chaimae.asaad@uir.ac.ma,447681024,included,1
2023-03-20T12:48:13.290Z,130071,chaimae.asaad@uir.ac.ma,447681049,included,1
2023-03-20T12:51:18.535Z,130071,chaimae.asaad@uir.ac.ma,447681515,included,1
2023-03-20T12:51:21.613Z,130071,chaimae.asaad@uir.ac.ma,447681761,included,1
2023-03-20T12:51:24.551Z,130071,chaimae.asaad@uir.ac.ma,447681762,included,1
2023-03-20T12:51:26.864Z,130071,chaimae.asaad@uir.ac.ma,447681764,included,1
2023-03-20T12:51:28.676Z,130071,chaimae.asaad@uir.ac.ma,447681765,included,1
2023-03-20T12:51:30.301Z,130071,chaimae.asaad@uir.ac.ma,447681766,included,1
2023-03-20T12:51:32.161Z,130071,chaimae.asaad@uir.ac.ma,447681767,included,1
2023-03-20T12:51:35.177Z,130071,chaimae.asaad@uir.ac.ma,447681769,included,1
2023-03-20T12:51:38.099Z,130071,chaimae.asaad@uir.ac.ma,447681770,included,1
2023-03-20T12:51:56.569Z,130071,chaimae.asaad@uir.ac.ma,447681771,included,1
2023-03-20T12:52:43.587Z,130071,chaimae.asaad@uir.ac.ma,447681773,included,1
2023-03-20T12:54:12.749Z,130071,chaimae.asaad@uir.ac.ma,447681774,included,1
2023-03-20T12:54:16.968Z,130071,chaimae.asaad@uir.ac.ma,447681775,included,1
2023-03-20T12:54:35.750Z,130071,chaimae.asaad@uir.ac.ma,447681778,included,1
2023-03-20T12:54:44.469Z,130071,chaimae.asaad@uir.ac.ma,447681779,included,1
2023-03-20T12:54:46.610Z,130071,chaimae.asaad@uir.ac.ma,447681780,included,1
2023-03-20T12:55:08.080Z,130071,chaimae.asaad@uir.ac.ma,447681785,included,1
2023-03-20T12:55:10.643Z,130071,chaimae.asaad@uir.ac.ma,447681786,included,1
2023-03-20T12:57:29.916Z,130071,chaimae.asaad@uir.ac.ma,447681919,included,1
2023-03-20T12:57:35.995Z,130071,chaimae.asaad@uir.ac.ma,447681920,included,1
2023-03-20T13:00:43.068Z,130071,chaimae.asaad@uir.ac.ma,447681939,included,1
2023-03-20T13:02:17.152Z,130071,chaimae.asaad@uir.ac.ma,447681951,included,1
2023-03-20T13:04:42.754Z,130071,chaimae.asaad@uir.ac.ma,447681998,included,1
2023-03-20T13:06:36.386Z,130071,chaimae.asaad@uir.ac.ma,447682024,included,1
2023-03-20T13:07:01.966Z,130071,chaimae.asaad@uir.ac.ma,447682029,included,1
2023-03-20T13:07:47.406Z,130071,chaimae.asaad@uir.ac.ma,447682044,included,1
2023-03-20T13:08:24.064Z,130071,chaimae.asaad@uir.ac.ma,447682053,included,1
2023-03-20T13:09:20.552Z,130071,chaimae.asaad@uir.ac.ma,447682066,included,1
2023-03-20T13:09:32.053Z,130071,chaimae.asaad@uir.ac.ma,447682070,included,1
2023-03-20T13:11:07.558Z,130071,chaimae.asaad@uir.ac.ma,447682083,included,1
2023-03-20T13:11:17.575Z,130071,chaimae.asaad@uir.ac.ma,447682085,included,1
2023-03-20T13:19:07.727Z,130071,chaimae.asaad@uir.ac.ma,447682147,included,-1
2023-03-20T13:19:14.040Z,130071,chaimae.asaad@uir.ac.ma,447682147,included,1
2023-03-20T13:20:38.592Z,130071,chaimae.asaad@uir.ac.ma,447682157,included,1
2023-03-20T13:20:46.030Z,130071,chaimae.asaad@uir.ac.ma,447682158,included,1
2023-03-20T13:20:54.624Z,130071,chaimae.asaad@uir.ac.ma,447682163,included,1
2023-03-20T13:36:54.260Z,130071,chaimae.asaad@uir.ac.ma,447682189,included,1
2023-03-20T13:38:40.360Z,130071,chaimae.asaad@uir.ac.ma,447682193,included,1
2023-03-20T13:38:49.579Z,130071,chaimae.asaad@uir.ac.ma,447700056,included,1
2023-03-20T13:38:53.501Z,130071,chaimae.asaad@uir.ac.ma,447700057,included,1
2023-03-20T13:38:55.205Z,130071,chaimae.asaad@uir.ac.ma,447700058,included,1
2023-03-20T13:38:57.580Z,130071,chaimae.asaad@uir.ac.ma,447700059,included,1
2023-03-20T13:39:18.597Z,130071,chaimae.asaad@uir.ac.ma,447700060,included,1
2023-03-20T13:39:21.269Z,130071,chaimae.asaad@uir.ac.ma,447700060,"""rq1""",1
2023-03-20T13:39:41.270Z,130071,chaimae.asaad@uir.ac.ma,447700062,included,1
2023-03-20T13:39:46.286Z,130071,chaimae.asaad@uir.ac.ma,447700064,included,1
2023-03-20T13:40:12.819Z,130071,chaimae.asaad@uir.ac.ma,447700065,included,1
2023-03-20T13:40:21.850Z,130071,chaimae.asaad@uir.ac.ma,447700066,included,1
2023-03-20T13:40:24.257Z,130071,chaimae.asaad@uir.ac.ma,447700067,included,1
2023-03-20T13:40:27.741Z,130071,chaimae.asaad@uir.ac.ma,447700068,included,1
